ID	Target	Tweet	Stance
535	Digital Transformation	ุงูููุชุฑุถ ุงุฐุง ุงูุจูู ุงููุฑูุฒู ูุงูู ุญูู ุญุตู ูุนู ุชุชุญูู ุงูุดููู ุจุงูุฑุงููุง ูุชูุงุตูููุงููุฌุงู ุงููุตู ุงูููุงุฒุนุงุช ูุงููุฎุงููุงุช ุงููุตุฑููู ูุงูุชูููููู ููุฌูุฏ ุธูู ูุชุฌุงูุฒ ูุชุนุฏู ูุงุถุญ ูุญู ูุฌุจ ุงุฎุฐู ููุฐ	None
2088	Digital Transformation	ุฎูุงู ูุชุฑู ุงูุชุญูู ุงูู ุงูุชุนูู ุงูุงููุชุฑููู ุฌุงูุนูุงููููุฎุงูุฏ ุชุนุชูุฏ ูุณุงุกู ุชูููู ุจุฏููู ูุทูุงุจูุง ุจุฏูุง ุงูุงุฎุชุจุงุฑุงุช URL URL	Favor
1023	Digital Transformation	ููุงุฐุง ูุชู ุชูููุฑ ูุธุงู ูุฑุฒ ุงููุชุฑููู ูุชูุญ ููููุงุทู ูุชุงุจุนู ุทูุจ ุงูุงุฑุถ ุงูุฎุงุต ุชูููุฑ ุงุญุตุงุกูุงุช ุจุงุนุฏุงุฏ ุทูุจุงุช ุงูุงุฑุงุถู ุงูููุฒุนู ุจูู ููุงูู ุจุดูู ุฏูุฑู ูุฐูู ุงูุทูุงูุง ูุจุฏุง ุงููุถูุญ ูุงูุดูุงููู ูุงูุณุฌุงูุง ุงูุชุญูู ุงูุงููุชุฑููู ููุฎุฏูุงุช ุงูุญู	Favor
2172	Digital Transformation	ุฏุงุกูุง ุนูุฏูุงูุง ุณุจุงูู ุงูุชุญูู ุงูุชููู ูุฎุฏู ุงููุทู ูุงูููุงุทู ููุนุฒุฒ ุงูุณูู ุงูุงุฌุชูุงุนู URL	Favor
3601	Digital Transformation	ุญุณูุงุช ููุฑููุง ุงุฌุจุฑุช ุงููุฒุงุฑุงุช ูุงููุกุณุณุงุช ุนูู ุงูุชุญูู ุงูุงููุชุฑููู ูููุงูุจู ุนุตุฑ ุงูุชุทูุฑ ูุชูููู ุงูุชุนุงูู ุงููุฑูู ุจุฏูุง ุงูุณูุฑ ุจููู ุทูุจุงุช ุงูุงูุชุธุงุฑ ูุงูุณุณุชู ูุนูู ูุงููุนุงููู ูู ุนูุฏูุง ุงูุงู ุงุตุจุญุช ูุฒุงุฑู ููุตู ุชุณุฌูู ููููุง ูุงูู ุชูุงุตูู ุงุฏุงุฑุงุชูุง ูุงููุนุงููุงุช ุจุงูุงููุงู ุงูุฌุงุฒูุง	Favor
1078	Digital Transformation	ุงูููููู ุชุนูุด ุชุญูู ุฑููู ุนุธูู ููุน ูุฌูุฏู ุงูุฎุฏูุงุช ุงูุญููููู ูุฎุฏูุงุช ูุทุงุน ุงูุงุนูุงู ุญุชู ุงูููุงุฑูู ุงูุฏูู ุงู ุงูุญูููู ุนูุฏูุง ุงูุณุจู ุงูุชุญูู ุงูุฑููู ููุงุฑูู ุจุงููุทุงุน ุงูุฎุงุต	Favor
2139	Digital Transformation	ุดุงูุฑู ูููุฏุฑู ุงูุถูุงูู ููุฌููุนู ูุดุฑูู ุงุจูุงุก ูุจูุงุช ุงููุทู ูููุงูุดู ุงูุดููู ุงูุชููู ุงุญูุฌูุง ููุชุฑููุฒ ุนูู ุงูุชุญูู ุงูุฑููู ุธู ุงูุชุตุงุฏ ูุชุญูุฑ ูุธุฑูู ุตุนุจู ุจุงุฐู ุงููู ุจุฌููุฏ ุงูุฌููุน ูุตู	Favor
571	Digital Transformation	ูุฎูุฑูู ูุฏูู ุงููุทู ูุจุณูุงุนุฏ ูุทููู ูุนูู ุฑุงุณูู ุงูุช ูุงุจูุฑูุงุถ ูุงูุช ุงูุงุกู ุฏุนู ุงูุชุญูู ุงูุงููุชุฑููู ููุฎุฏูุงุช ููุงูู ุชููุฏูุง ุงููู ุงูุญุงุฒ ุฎุฏูุงุชูุง ููุญู ููุงุฒููุง ูุฎูุฑูู ูุฑุจู ูุญูุธูู ุชุญุจูู ููุญูุธ ุจูุฏูุง ุงููุนุทุงุก ูุจูุงุฏ ุงููุณูู	Favor
3936	Digital Transformation	ุนุฏู ุงุดูุงู ููุณุชููุงุช ููุชุญูู ุงูุฑููู ููุนุชูุฏ ุนูู ูุฌุงู ุงูููุธูู ุจุดูู ุนุงู ุงูุชุญูู ุงูุฑููู ุงุชูุชู ุงููุนุงููุงุช ูุงูุฎุฏูุงุช ุชูุฏููุง ุงูููุธูู ูุงุนุชูุงุฏูุง ุนูู ุงูุงูุธูู ุงูุงููุชุฑูููู	Favor
3242	Digital Transformation	ุงููุนููู ูุดูุฑุง ุงูู ุงู ุชูุงูุงุช ุงูุชุญูู ุงูุฑููู ูุงูุญูุณุจูุงูุณุญุงุจูู ุงูุจูุงูุงุชุงูุถุฎูู ุงูุฐูุงุกุงูุงุตุทูุงุนู ุงูุชุฑูุชุงูุงุดูุงุก ุชุณูู ุนูููุงุช ุฌูุน ุงูุจูุงูุงุชุงูุทุจูู ูุงุฏุงุฑุชูุง ูุชุญููููุง ูุงุทููุช ุงูุญูููู ุงูุงุฎุฑ ุงูุนุงู ุงููุงุถู ุงูุงุณุชุฑุงุชูุฌููุงููุทูููููุชุญููุงูุฑููู ููุฎุฏูุงุช ุงูุญููููู ุจูุฏู	Favor
350	Digital Transformation	ุงูุชุญูู ุงูุงููุชุฑููู ูุถูู ุชูููุฐ ุงูุงุฌุฑุงุกุงุช ุงูุฌูุงุกูู ุจุฏุฑุฌู ุงูุงู 100 ุงูุจุญุฑูู ุงุฎุจุงุฑุงูุฎููุฌ URL	Favor
1975	Digital Transformation	ุงูุนุงูู ููู ุฑุงูุญ ุงู ุจูุนูู ุงุตุญ ูููุจูู ููู ุฑููู ูุณุงูุจูู ุญุงุฌุงุช ูุชููุฑ ุงูู ุงุตูุง ููููุงุช ุงูุญูุงู ูููุชุดูููุง ูุซุจุช ูุดู ุงูุชุญูู ุงูุฑููู	Against
2915	Digital Transformation	3 โ ุนุจุฑ ุตุฏูู ุงุนุฑู ุงูุงู ุงู ูุฒุงุฑู ุงูุฑูุงุถู ุงูุณุนูุฏูู ุชุฏูุฑ ูุจุงุฏุฑู ูุชุฏูุน ุงูุฏูุชูุง ุงูุฑูุงุถูู ููุชุญูู ุงูุฑููู ูุชุฏุนููู ูุงููุง ูุชุณุงุกูุช ูุชู ุณุชุชุญูู ุงูุงูุฏูู ุงูุฑูุงุถูู ุงูุฌุฒุงุกุฑูู ุฑูููุง ุงูุชุญูู ุงูุฑููู ุชุนุฑูู ุนูู ุงุธู ูุงูุน ููุงูุชุตุงุฏ ุงูุญุงูู	Favor
2991	Digital Transformation	ุงุซุจุชุช ุงุฒูู ููุฑููุง ูุฎุตูุตุงุงูุงู ุงููุดูููู ูุงููุชูุตูุญูู ุงู ุงูุฏููู ุชุณุชุทูุน ุงูุชุญูู ุงูุงููุชุฑููู ูุงู ุงูููุงุทููู ูุฏููู ุงููุนู ุงูุงููุชุฑููู ููุฑุฌูุง ุงู ูุณุชูุฑ ุงูุนูู ูุงู ูุชุทูุฑ ููุดูู ูุงูู ุงููุทุงุนุงุช ูุญู ูุดุงูู ูุซูุฑูุงุจุชุฏุงุกุง ุงููุณุงุฏ ุงูู ุฒุญูู ุงูุทุฑู ุงููููุช	Favor
3353	Digital Transformation	ุญุงููุง ุงู ุณู ูก ุจุฑูุงูุฌ ูุนุงููุงูููุงุทู ุงูุชุญูู ุงูุงููุชุฑููู ุงูุชุนููู ูุงูุชุนููู ุชุฌุฑุจู ุงูููููู ุงูุซุฑ ุฑุงุกุนู ูุงุฌุญู	Favor
2159	Digital Transformation	ุงููุฑุตู ููุฌููุน ูุงูุจุฑ ูุซุงู ูุฒูุฑ ุงูุงุชุตุงูุงุช ููุตุชู ูุงูุงูุซูู ูุซูุฑ ุนูู ุงููุฑุต ูุจุงุฐู ุงููู ูุฑู ูุงูุทูุญ ุงูุชุญูู ุงูุชููู ุงูุฑููู ุนุจุฏุงูููุงูุณูุงุญููููุงูุงููุฏููุฑ URL	Favor
1703	Digital Transformation	ุฏุงุกูุง ูุงุจุฏุง ุงูุชุญูู ุงูุชููู ูุจุฏุนูู ๐๐๐ป ุนุงู ูุงูุง ูุนุงูู ๐ค URL	Favor
3740	Digital Transformation	ูุนุชุจุฑ ุงูุชูุฌู ููุชุญูู ุงูุฑููู ุถุฑูุฑู ููุฌูุงุช ุงู ุงูุชุทูุฑ ุงููุจูุฑ ุงูุชูููู ุฒุงุฏ ุญุฏู ุงูููุงูุณู ููุนู ุงููุณุชุฎุฏููู ูุชุนุฏุฏ ุฎูุงุฑุงุชูู ููุงู ูุงุจุฏ ููุฌูุงุช ุงูุงูุชูุงู ุจุชุฌุฑุจู ุงููุณุชุฎุฏู ูุชุทููุฑูุง ุงููุง ุจุงุชุช ุนูู ุจุถุฑูุฑู ุฑููุจ ููุฌู ุงูุชุญูู ุงูุฑููู ุงู ุงูุฎุฑูุฌ ููุงุกูุง ุงูููุงูุณู	Favor
1194	Digital Transformation	ุงูุซุฑ ุงููุชุถุฑุฑูู ุงูุชุญูู ุงูุงููุชุฑููู ูุทุฑู ุงูุฏูุน apple pay stc pay ูุงูุฎ ุงููุชุณูููู ูุงุฒู ููุดู ููุนู ุดุจูู ุนุดุงู ุงูุงุดุงุฑู ุงููู ูููู ูุงูุนู ูุงุด ููููู ุนุงุฏู ุดุจูู ๐ก	Favor
2738	Digital Transformation	ุฎุทูู ููุชุงุฒู ุนูุจุงู ุจุงูู ุงูุฎุฏูุงุช ูุชูุงุนู ุงูุซุฑ ูุฎุชูู ุงูุฌูุงุช ุงูุชุญูู ุงูุงููุชุฑููู ูููุซูุฑ ุฎุฏูุงุชูุง URL	Favor
1970	Digital Transformation	ุตุญ ุงูุชุญูู ุงูุฑููู ููุทุน ุงุฑุฒุงู ุงูููุธููู ููู ุงุฒูู ูุงููู ุฌุงูุณ ุงูุงู ุงูุชุธุฑ ุฑููู ุตุงูู ุงูุชุธุงุฑ ูุงุญุณ ุจุฏู ุงูุงูุถุงุน ุงูุจูุฑููุฑุงุทูู ุจุงูุงููุงู ุญุฌุฒ ููุนุฏ ุงููุชุฑูููุง ูุงูุฏุฎูู ูุจุงุดุฑู ุจุฏู ุชููุน ุงูููุธููู ููุฌูุฏ ููุธู ุงุฑุจุน ููุงุชุจ ุงุณุชูุจุงู ูุงุฑุบู	Favor
1708	Digital Transformation	ุงูุชุฑุญ ุงูุง ุชุญูู ููุฒุงููู ุทุจุงุนู ุงููุชุจ ุงูุฏุฑุงุณูู ูุชูููุฑ ุงุฌูุฒู ุงูุจุงุฏ ููุทูุงุจ ุชุญูู ุนูู ููุฑุฑุงุช ุงููุชุฑูููู ุชูุงุดูุง ุงููุฑุญูู ุงูุญุงููู ุงูุชุญูู ููุชุนููู ุงูุงููุชุฑููู ูุงูุงูุฑุงู ุงุตุจุญุช ุงููุงุถู	Favor
395	Digital Transformation	ุญุฏูุซ ูููุงู ุงูุงุฎุจุงุฑูู ูุกุชูุฑ LEAP22 ุญูู ุงูุชุญูู ุงูุชููู ุชุนูุดู ุงูููููู ูุญุฌู ุงููุฑุต ุงููุญููู ุจุฏุงุช ุชุณุชูุทุจ ุงููุซูุฑ ุฑุกูุณ ุงูุงููุงู ุงูุนุงูููู URL	Favor
2794	Digital Transformation	ุงุณุชุฎุฏุงู ุงูุชูููู ูุฌุงู ุงููุงููู ุงูุงุนูุงู ููู ุฌุฏุง ููุฏ ูุงุญุธูุง ูุถูุฌ ุงูุณูู ุงูุณุนูุฏู ูุฌุงูุฒูุชู ุงูุชุญูู ุงูุฑููู ุงููุทุงุน ุงูุฎุงุต ุงูุญูููู ููุฑููุง ูููุฐุง ูุฒู ุงูุชูุจูู ุนูู ุงูููุดุงุช ุชุณุนู ููุชุญูู ุงูุฑููู ุถุจุท ุงููุงุช ุงุฏุงุฑู ุงููุฎุงุทุฑ ุงูู ุงูุนูููุงุช DigitalTransformation ุงูุชุญููุงูุฑููู	Favor
2928	Digital Transformation	ุงููู ูููููู ูุจุงุฏุฑุงุชูู ูููู ููููุฏู ุชูููุช ุชุฏุนู ุงููููุฑูู ูุงููุดุงููุฑ ูุงูุงุนูุงูููู ููุดุฑ ุงูุซูุงูู ุงูุฑูููู ุธู ุงูุชุญูู ุงูุงููุชุฑููู	Favor
2126	Digital Transformation	ุจูุถู ุงููู ูุฌููุฏ ุงูุฏููู ูุนูุด ุชุญูู ุฑููู ูุจูุฑ ุนูู ุงูุงุตุนุฏู ุงูุชุญูู ูููุตู ุงูุฑุจุท ุงูุงููุชุฑููู ุงูููุญุฏ ูุซุฑู ุงูููุตุงุช ุงูุชุทุจููุงุช ุงูุญููู ุชุฑูู ูุชุชุดุนุจ ูุชุชุดุชุช ูุชุถูุน ุงููุณุชููุฏ ุจุงูุงุฎูุฑ ูุชุฑุฌุนู ููุนูููู ุงูุชูููุฏูู ูููุงูุนูุฏ ุงูุณุนูุฏูู	Favor
458	Digital Transformation	ุงูุชุญูู ููุฎุฏูุงุช ุงูุงููุชุฑูููู ุจุงูุช ููุงุกุฏู ููุชูุง ุงูุญุงุถุฑ ูุฎุงุตู ุงูุฌุงุกุญู ููุฌุญุช ูุงูู ุงูุฌูุงุช ุงูุญููููู ุงูุชูุฌู ุงูุงููุชุฑููู URL	Favor
1794	Digital Transformation	ุงุญุณูุช ุฏูุชูุฑ ุงุตูุช ุงูุญูููู ุฎุตูุตุช ุงูุงุฎูุฑู ุงุฐ ููุงุณู ูุนุชูุฏ ุงู ุดุฑุงุก ุงูุชูููููุฌูุง ููุชุทููุฑ ุงู ูุดุฑูุน ุงูุชุญูู ุงูุงููุชุฑููู ูุญุชุงุฌ ุงูู ูุงูู ุงูุซุฑ ุชุทููุฑ ููุจุดุฑ ุงููุง ูุงุฎุฑุง	Favor
503	Digital Transformation	ุฌุฑูุฑ ุชุณุชูุฏู ุฒูุงุฏู ูุนุงุฑุถูุง ุจุงูุซุฑ 70 ูุนุฑุถ ูุฎุงููู ุจุฐูู ูุซูุฑ ุงูุงุทุฑูุญุงุช ุงููุจุงูุบ ุจุดุงู ุงูุชุญูู ุงูุงููุชุฑููู ููุดุฑูุงุช ูุงููุชุงุฌุฑ ูุชุถุญ ุงููุฑู ุงูุทุฑุญ ุงูุชุญูููู ูุจูู ุงููุงูุน ุงููุจูู ุนูู ุงูุฏุฑุงุณุงุช ูุงูุงุณุชุฑุงุชูุฌูุงุช URL	None
1885	Digital Transformation	ุงูุชุญูู ุงูุชููู ูุกูู ููุฎุงููู ุงูุธูู ุงูุงูุงูู ูุงูุนูู ุถุจุท ุงูุญูุงูุงุช ุงููุงููู ููุฎุงุฑุฌ ุงุฎุฑุฌุชูู ุทูุฑูู	Favor
2247	Digital Transformation	ุนูู ุงูููุชุจุงุช ูุฑุงุนุงู ุชูุฏู ุงูุฒูุงู ูุฏุฎูู ุงูุนูุตุฑ ุงูุชููู ุนูููุง ุงูุชุญูู ููุงูุจู ุงูุฒูู ูุซูุฑ ุงููุธุงุกู ุงูุฏุซุฑุช ุจุณุจุจ ุงูุชุทูุฑ ุงูุชููู ุงุญุชุฑุงูู ููู ุงูุนุงูููู ุฐูุฑุช ุงูุจูุงุก ูููุจุฏุนูู ูุฑุงุนู ุงูุชูููุงุช ุงูุญุฏูุซู	Favor
2879	Digital Transformation	ุงูุถูุง ูุฏูุง ุฎุฏูู ุงููุทู ูููููุง ุฎูุฑ ููู ูุฑุงุก ุชุญููู ุงูุชุญูู ุงูุงููุชุฑููู ูุจูุงุก ุงููุฌุชูุน	Favor
2899	Digital Transformation	ุงูุณุนูุฏูู ุณุงุฑูู ุงุชุฌุงูุงุช ุงูุชุญูู ุงูุงููุชุฑููู ุงุนุชูุฑูุง ุฎูุฑ ูุซุงู ๐๐ป	Favor
278	Digital Transformation	ุงููู ูุทูู ุนูุฑ ุจู ุฑุงุดุฏ ๐น ุตุงุญุจ ุงููููู ุงูููุนูู ุงูุฎุฏูุงุช ุงูุญููููู ูุฏููู ุงูุงูุงุฑุงุช ุงูุฏุงุนู ุงูุงูู ููุดุฑูุน ุงูุชุญูู ุงูุงููุชุฑููู ูุจูุถู ุงููู ุฑุกูู ุณููู ุงูุซุงูุจู ุธู ุฌุงุกุญู ููุฑููุง ุชุชุงุซุฑ ุงูุฎุฏูุงุช ุงูููุฏูู ูููุฌุชูุน ุงู ุงูุชุนููู ูุงููู ุงูุชุทุจูุจ ุจุน	Favor
2979	Digital Transformation	ุงูุชุบููุฑ ุจุญุงุฌู ูุฑุฌู ุฏููู ุตุงุญุจ ูุฑุงุฑ ุนูู ุงุฑุถ ุงููุงูุน ุงูุชุญูู ุงูุงููุชุฑููู	Favor
2326	Digital Transformation	ูุฏูุช ุงุนุชุฑุงุถ ุนูู ุงูุชุฎููู ูุงูุงูู ุนูุงู ูุทูุจูุง ููู ุชูุฏููู ุงููุชุฑูููุง ููุนูุช ูููุฐ ุณูู ููุตู ูุญุชู ุงููุญุธู ูุตููู ุงูุฑุฏ ูููููุง ุงุชุตูุช ูุงุชููุง ููุงุณุชูุณุงุฑ ุงุญุฏ ูุฑุฏ ูุงูุช ุชุชุญุฏุซ ุงูุชุญูู ุงูุงููุชุฑููู ููุญู ุจุนูุฏูู ุงูุจุนุฏ ุญุชู ูููููู	Against
3937	Digital Transformation	ุงุตูุง ูุธุงุกู ุชูุชูู ุงูุชุญูู ุงูุงููุชุฑููู ูุนูู ุงูุงุณุชุบูุงุก ุงูููุงุฑุฏ ุงูุจุดุฑูู ุชุญููููู ููุธุงุกู ุงุฎุฑู ุงูุจูุฏ ุชุชูุณุน ูุงูุญุงุฌุงุช ุชุชุฒุงูุฏ ุงููุทุงุนุงุช	Favor
1458	Digital Transformation	ุงููุง ุงููุฑูุฒุงููุทููููุชุนูููุงูุงููุชุฑููู ุชุงุณุณ ุจูุฑุงุฑ ูุฌูุณ ุงููุฒุฑุงุก ููููู ุฌูู ูุณุชููู ุชูุฏู ูุชุนุฒูุฒ ุงูุซูู ุจุฑุงูุฌ ุงูุชุนููู ุงูุงููุชุฑููู ูุชูููู ุงูุชูุงูู ูุฎุชูู ุงูุฌูุงุช ูุชูููู ุงูุงุจุชูุงุฑ ุงูุชุญูู ุงูุฑููู ุงูุชุนููู ูุณุนุฏ ุจุฎุฏูุชูู	Favor
2239	Digital Transformation	ูููู ููุกุณุณู ุงู ุชูุฌุญ ูุดุงุฑูุน ุงูุชุญููุงูุฑููู ุจูููุง ูุฒุงู ูุชุนูู ุงูููุงู ุจูู ุดูุก ุฎูุงู ุงููููุงุช ุงูุชูููุฏูู ุงูููุงููุงุช ุงููุงุชููู ุฑุณุงุกู ุงูุจุฑูุฏ ุงูุงููุชุฑููู ุงู ูุงูุงุฌุชูุงุนุงุช ููุฑ ุงูุนูู ุงุถุงูู ุงูู ุงูุชูููู ุงูุฏุฎููู ุนูู ุจูุกูุงูุนูู ููู ูุฌููุนุงุช ุงููุงุชุณุงุจ	None
1104	Digital Transformation	ุงุนุชูุฏ ุงูุชุญูู ุงูุชููู ุณุชูุชูู ุงููุดููู ุชูุงูุง ุจูุดูุกู ุงููู	Favor
3521	Digital Transformation	ุงูุชุฑุญ ุงุณุชุญุฏุงุซ ูุทุงุน ุฌุฏูุฏ ุจุงููุฒุงุฑู ููุท ููุชุนููู ุงูุงููุชุฑููู ูุฎุทุท ูุนููุง ููููุฐ ุนูููู ุงูุชุญูู ููุชุนููู ููุถุญ ุงูุฎุทุท ููุชุงุจุน ุงูุชูููุฐ ุงูููู ูููุณ ูููุงูุจ ูุงูุญุฏุซ ุญูููุง ุงูุชุญูู ุงูุฑููู ุดูุก ุฑุกูุชููุชุทููุฑุงูุชุนูููุจุงููููุช ุฑุกูุชููุชุทููุฑุงูุชุนูููุจุงููููุช	Favor
3029	Digital Transformation	ุชุดูู ุงูุงูุชูุงู ุงููุชุงุจุนู ุงูุฏูููู ูุงุฏู ุงูุชูุงุตูู ุงููุทุงุน ุงูุชููู ุณูู ุณูุฏู ููู ุงูุนูุฏ ุงููู ูุญูุธู ุชุนุฑู ุญุฌู ุงูุชุทูุฑ ุงูุชุญูู ุงูุฑููู ุงูููููู ุญููู ูุนุงูู ุนุจุฏุงูููุงูุณูุงุญููููุงูุงููุฏููุฑ ุชูุงุตูู ูุซูุฑ ุงูุชุญูู ุงูุฑููู ุงููุจูุฑ ุงูุณุนูุฏูู URL	Favor
1278	Digital Transformation	ุงูุชุญูู ุงูุฑููู ุงูุญู ุงูุตุญูุญ ูุงู ุชุจุฏุง ุงูุงุนูุงู ุงูุตุบูุฑู ููุงูุจู ุงูุชุทูุฑ ุงูุชููู ูกู ุณููุงุช ุงูุดุงุก ูููุน ุงููุชุฑููู ูุนุฏ ุงูููุงููุงุช ุงูุงู ุงููููุน ุงูุงููุชุฑููู ุงุตุจุญ ุงูุถุฑูุฑูุงุช ุงูุทุจูุนู ุงู ุชููุช ุงูุดุฑูุงุช ุงูุตุบูุฑู ุงู	Favor
954	Digital Transformation	ุงููุฑุงูุงูุชูููู ุดุบู ูุจูุฑ ุงูู ุงุฏุฎู ุงูุจุฑูุงูุฌ ูุงูุญูุฏููู ุงุณุชูุฏุช ุงูุฌุฒุกูู ุงูุงููู ุงูุดู ุงููุซูุฑ ุดูุฑุง ูุทุงูู ุงูุชุญูู ุงูุชููู ๐ป	Favor
2602	Digital Transformation	ุชููููู ูุชุนุฐุฑูู ุงูููุช ุงููุทุงุน ุงูุชููู ุชุณุงุฑุน ุฑููุจ ููุชุบูุฑ ุงู ุชุนุชุงุฏ ุนูู ุชูููู ุฌุงุกุช ุงูุงุฎุฑู ุชูุณุฎูุง ุงููุฎูู ุงูุงูุฑ ุงู ุงูุงูููู ูููููุง ุงุตุญุงุจ ูุฑุงุฑ ูููููุง ุตุฎุฑู ุงูุงู ุงูุชุญูู ุงูุชููู ูุชุบูุฑ ุงูุนูููุงุช ุงูุชูููุฏูู URL	Favor
3878	Digital Transformation	ุงุจู ุงุนุฑู ุงูุด ุงูุฏูุงุฎู ููุนุฏ ุนุดุงู ุงุฑูุญ ูุฑูุฒ ุดุฑุทู ุงุจู ุงุฏุนุณ ูุงูุจูุฑ ูุงูููู ุงูุชุญูู ุงูุงููุชุฑููู ุบูุท	None
3425	Digital Transformation	๐ุงููุฑุงุฌุนู ูุงูุชุฏููู ููุดุฑูุงุช ุงูุนุงููู ูุฌุงู ุงูุชุฌุงุฑู ุงูุงููุชุฑูููู ๐ ุงูุชุทูุฑ ุงูุชููู ูุงูุชูููููุฌู ุชุตููู ุงููุธู ๐ุงุซุฑ ุงูุญูููู ุนูู ุฌูุฏู ุงูุชูุงุฑูุฑ ุงููุงููู ๐ุงุซุฑ ุงูุชุญูู ุงููุญุงุณุจู ุงููุทุงุน ุงูุญูููู ุชุญููู ุงูุฑุกูู	Favor
3580	Digital Transformation	ุงูุนูู ุงุญุฏ ุงูู ููุงุณุจ ุงุฒูู ููููุฏ19 ููุฏ ุนุฌู ุจุงูุชุญูู ุงูุงููุชุฑููู ูุงูุช ุฌูุงุช ูุซูุฑู ูุณุชุนุฏู ูุชุฑุฏุฏู ุชุทุจููู ุณุนุฏูุง ุญูููุง ุจุงุญุชูุงู ุนุฏุฏ ุงูุฌูุงุช ุจูุฐุง ุงูุชุญูู ุงูุบุฑูุจ ุงููุง ุชุญุชูู ุงูููู ุจุงูุชููู ุนูู	Favor
1887	Digital Transformation	ุงุตูุง ูุนุงููู ุงูููุธู ุงูุญูููู ุจูุฌู ุนุงู ูุชุฏููู ูุชูุณุท ุงูุงูุชุงุฌ ุงููุนูู ูุชุนุฏู ุงูุณุงุนู ุงูููู ุงููุงุญุฏ ุงู ูุฑุชูุน ุงูุฑูู ุงูุงูุงูู ูููุฌุฏ ูุฒูุฏ ูฅู ุงูู ููุธู ุนุจุงุฑู ุจุทุงูู ูููุนู ุงูุญู ุงูุชุญูู ุงูุงููุชุฑููู ุงูุญูููู ูุชุดุฏูุฏ ุงูุฑูุง	Favor
2117	Digital Transformation	ุงููุฌูู ุงููุทููู ููุชุญูู ุงูุฑููู ุชุตุฏุฑ ุชูุฑูุฑ ุงูุชุญูู ุงูุฑููู ุงููุทูู ูุนุงู 2019 ุดุจูู ุงููุถุงูู ุงูุงุฏุจูู ูุงูุซูุงููู URL	None
1608	Digital Transformation	ุจุฏูุง ุญุฏุง ูุนูู ุฏุฑุงุณู ุงุฐุง ูุณูู ุงูุชุญูู ุงูุงููุชุฑููู ุงููู ุนู ุชุนููู ุงูุญูููู ุณุงูู ุจุฒูุงุฏู ุชุนููุฏ ุงููุนุงููุงุช ูุชุตุนูุจูุง ุนูู ุงููุงุณ ูุชุงุฎูุฑูุง ุนูุฌุฏ ุนูู ุชุณูููุงุช	Against
287	Digital Transformation	ุงุนุงููู ุงููู ๐พ๏ธ ูุกุณู ุงู ุชุณุชุทูุน ุงูุฌุงุฒ ุงุนูุงูู ุจุณูููู ููุญู ุนุตุฑ ุงูุชุญูู ุงูุฑููู ุนุตุฑ ุณูู ุงูุชูุงุตู ุงูุงููุชุฑููู ุนุจุฑ ุทุฑู ูุซูุฑู URL	Favor
392	Digital Transformation	ุงูุฌุงุฒ ูุณุฌู ููุจูู ููููู ููุนูู ุงูุชุญูู ุงูุงููุชุฑููู ูุดููุฑูู ุฌููุนุง ๐๐๐	Favor
2639	Digital Transformation	ุถูุก ุงูุชุญูู ุงูุฑููู ุงุตุจุญุช ุงุบูุจ ุงูุฎุฏูุงุช ุงูุญููููู ูุงูุช ุงููุงุถู ุชุชุทูุจ ููุชุง ูุฌูุฏุง ูุจูุฑ ุงูุงู ุงูุณูู ุงูููุงู ูุงูุงุณุชูุงุฏู ุงู ููุช ูููุงู ๐๐ปุฏููู ูุงุจุฑุฒ ุงูุชุทุจููุงุช ุงูุญููููู ุงูุชุญููุงูุฑูููุงููุณุชูุจูุงูุชููู URL	Favor
603	Digital Transformation	ูุชููู ุธู ุงูุชุญูู ุงูุชููู ูุงูุฑููู ุชุดูุฏู ููููุชูุง ุงูุญุจูุจู ุธู ููุงุฏุชูุง ุงูุฑุดูุฏู	Favor
2908	Digital Transformation	17 ุณูู ุจููู ูุฌุจ ุงูุชุญูู ุงูู ุงููุธุงู ุงูุงููุชุฑููู ูุงูุชู ุฑุงูุถูู ูููุงู ุจุชุญุงุฑุจูุง ููุง ูุชุฎูููู ุฌุงุก ููุช ุงูุญุณุงุจ	Favor
598	Digital Transformation	ุฎุทูู ููุงูุงู ูุจุงุฐู ุงููู ุงูุชุญูู ุงูุงููุชุฑููู ุงูุฌูุงุช ุงูุญููููู ุณูุญู ุงููุซูุฑ ุงููุดุงูู ูุงูุนูุจุงุช ูุจุงุฐู ุงููู ูุชูุงุกููู ุจุงูุงูุถู URL	Favor
2203	Digital Transformation	ุงูุง ุงููุงุณ ุงููู ูุนุชูุฏ ุงู ูุณุงูู ุชููู ุงููููู ุงููุทููู ุงููุชุฑูููู ูุฌุฑุฏ ููุช ุจุณูุท ูุชุตูุฑ ูุถุนูุง ุงูุชููู ูุงูุชูุฏู ุงูุชุญูู ุงูุฑููู ุดู ุจุนูุฏ ุตุฑุงุญู ูุงุดุงุก ุงููู	Favor
3920	Digital Transformation	ูุนูุง ุชุทุจูู ุงูุชุญูู ุงูุฑููู ูุงุชูุชู ุงูุฎุฏูุงุช ุงูู ุงุฌุฒุงุก ุชุญููู ุงูุฑุกูู ูขููฃู ุฏุงู ุนุฒ ุงูููููู ุญุชู ุงุตุจุญุช ุงูุฏูู ุชููู ุจุชูููุฏ ููุฌ ุงูููููู ุงูุชููู	Favor
1101	Digital Transformation	ููุงุณู ููุถูุน ุงูุชุญูู ุงูุงููุชุฑููู ุฒุงู ุจุทูุก ุฌุฏุง ุงูุฌูุงุช ุฒุงูุช ุฎุฏูุงุชูุง ุชูููุฏูู ูุฐุง ูุฑุฌูุง ุงููุฒุงุฑู ุญุซ ุงููุกุณุณุงุช ุจุงูุงุณุชุนุฌุงู ุชุญูููุง ุงูุงููุชุฑููู	Favor
766	Digital Transformation	ุงุฒูู ููุฑููุง ุงุฎุชุตุฑุช ุนูููุง ุณููุงุช ุทูููู ูุญุงููุงุช ุจุงุกุณู ุงูุชุญูู ุงูุงููุชุฑููู ุงูุชุฎูุต ุงููุนุงููุงุช ุงููุฑููู ุนุฏู ุฌูุงุช ุณูุงุก ุญููููู ุงู ุฎุงุตู ุงุธู ุจุงูู ุงููุณุชูุจู ุงููุฑูุจ ุณุชุนูุฏ ุงูุนุฏูุฏ ุงูุฌูุงุช ุญุณุงุจุงุชูุง ุญูู ุงูุชูููู โฌ๏ธ	Favor
1700	Digital Transformation	ุฑุบู ุงูุชุญูู ุงูุชููู ุงููู ูุงุนุฏ ูุตูุฑ ูุงูุงูุงู ูุจุดูู ุฑููุจ ุงูุง ุงูู ูุงุฒูุช ุงุญุจ ุงูุจุณุงุทู ุจุงูุงุดูุงุก ูุฏุฑุช ุงุณุชุบูู ุงููุฑูู ูุงูููู ูุงูุฏุฑุช ุงุณุชุบูู ููุญู ุงููุบูุงุทูุณ ุจุบุฑูุชู ุงุญุท ุนูููุง ููุงุญุธุงุชู ูุงุฑุชุจ ููุงูู ุจุทุฑููู ุจุณูุทู ููุทููู ูุงูุงุดูุงุก ูุงูุช ููุงุฒุงูุช ุงูุซุฑ ุงูุงููุฑ ุงููู ุชุญูุณูู ูุชุญูุฒูู โฅ๏ธ	None
486	Digital Transformation	ุงููุญููู ุงูุชุฌุงุฑูู ุงุณูุก ุชุจุนุงุช ุงูุชุญูู ุงูุงููุชุฑููู ุงูุนูู ุงููุง ูุงูุช ุงูุงุกู ุงููุญุงูู ุงููุฌุงู	Against
3237	Digital Transformation	ููุตู ูุฏุฑุณุชู ูุดูุงูู ุงููุงุณ ุฐูุฑุชูู ุจุงูุงู ุชุญูู ุงููุณุชุดููุงุช ูููุงุช ูุฑููู ููุงููุชุฑูููู ุงูุจุฏุงูู ูุซูุฑ ุงูุชุนุทู ูุงููู ุชุถุงูู ูุจูููู ุงูุตุจุฑ ุงูุญูุช ุงููุดุงูู ูุนุฑููุง ูููู ูุงููุงุกุฏู ุงูุนุธููู ุงูุชุญูู ุงูุงููุชุฑููู ูุดุฑูุน ุฌุฏูุฏ ูุงุจุฏ ุงูุจุฏุงูู ูุทุจุงุช ุงุตุจุฑูุง ูุงููุดุฑูุน ุนุธูู ๐	Favor
2769	Digital Transformation	ุงูุชุญูู ุงูุชููู ุงูููุฑูุถ ุงูู ูุฎุงุตู ุงูุดุฑูุงุช ุงููุจูุฑู ุจุตุฑุงุญู ุชูู ุนูู ูุฏุฑ ุงููุณุกูููู ูุงุตุจุญุช ุชุนุงูู ุจุณุจุจ ุงูุทูุจ ุงููุงุกู	Against
327	Digital Transformation	ููููู ุงุนุฑู ุงูุด ูุงูุฏู ุงูุชุญูู ุงูุงููุชุฑููู ุงุฐุง ูุงูุฏุฑุช ุงุบูุฑ ูุฌูู ุดุญูุชู ุงููููุน ููุงูู ุงูุงุชุตุงู ูุชุฌุจุฑูู ุงุฌูู ููุชุจู ูจูจ ููุณูุฑ ุงูููู ุงูุฏ ูุงุฎู ูุณู ุจุงููู ุงุชุนุณ ุชุฌุฑุจู ูููู ุชุฎูุถูุง	Against
1724	Digital Transformation	ุงูุชุญูู ุงูุฑููู ุงูุฏูุน ุงูุงููุชุฑููู ุจููุฒุง ูุงุฑุฏ ูุฏู URL	None
2968	Digital Transformation	ูุงู ุซูุงูู ุงูุดุฑุงุก ุงูุงูุชุฑูุช ุฌุฏูุฏู ููุชุฑู ููุฑููุง ุณุงุนุฏู ุนูู ุงูุชุญูู ููุน ูุฑุถ ุงูุฏูุน ุงูุงููุชุฑููู ูุนู ุงููุซูุฑ ูุงูุงู ุงูุงุบูุจ ุญุฑูุต ุนูู ุงูุฏูุน ุงูุงููุชุฑููู	Favor
1008	Digital Transformation	ูุณุชุญูู ูุณุชุบูู ูุณุงุกู ุงูุชูุงุตู ุงูุงุฌุชูุงุนู ูุฎุตูุตุง ููุญู ุนุตุฑ ุงูุชุญูู ุงูุงููุชุฑููู ุงููุฌุงูุงุช ูุณุชุทูุน ูููู ุงุณุชุฎุฏุงููุง ุญุชู ููู ุงูุฌูุงู ููุชุฑู ุงู ูุณุงุนุงุช ูุญุฏุฏู ุงูููู ๐๐๐๐ ุจุฑูุงูุฌุฌููุงุบูุฑ	None
2573	Digital Transformation	ุนูู ุจูุฑุญ ููุณุนูุฏูู ุจุงูุฎุฏูุงุช ูุงูุชุทูุฑ ุงูุชุญูู ุงูุงููุชุฑููู ุนูู ุจุฒุนู ุนูู ูุถุน ูุตุฑ ุงููู ุงูุง ุฌุฏุชุช ุฑุฎุตู ุงูุณูุงูู ุงูุงุณุจูุน ุงููู ูุงุช ุงุจูููุดู ุงุจุดุฑ ุงูู ูขู ุซุงููู ููุตูุชูู ุงูููุงุฑุฏู ุงูุจุฑูุฏ ูุงูููุถูุน ูุตุฑ ุชุฌุฑุจู ูุฒูุงุฑู ุฌููู ูุงูุชุนุงูู	Favor
1786	Digital Transformation	ููุงุณู ุงูุดุฏูุฏ ุงุตุจุญ ุงูุชุนููุฏ ุงููุงุก ุงููุนุงููุงุช ููููุงุทููู ุงูุชุญูู ุงูุงููุชุฑููู ุงุตุนุจ ุงูุณุงุจู ุฒูุงู ุงูุงูุฑุงู ุงููู ุงูููุงู ูุงูุน ุชุฌุฑุจู ูุฑูุฑู ุงูุจูุฏูู ูููุถูุน ุจุณูุท ุงูุงุตู ูุงูุชุนุฏู ููููู ูุงูุชูู ุงูุซุฑ ุซูุงุซู ุงุดูุฑ ููู ุงูุงูุฑ ูุงูููู ุงูุชุฌุฑุจู ุงูุชุงุดูุฑุงุช	Against
1202	Digital Transformation	ุงูุชุญูู ุงูุฑููู ูููุกุณุณุงุช ุงูุญููููู ูุงูุงูููู ุงูุฑุง ุฎุงุตู ููุญู ุฒูู ูุชุณุงุฑุน ููุชุณุงุจู ุงููุฌุงู ุงูุชููู ูุฐูู ูุฌุจ ุงุฎุฐ ุงูุงูุฑ ุจุฌุฏูู ููุถุน ุฎุทู ูููุงูุจู ุงุญุฏุซ ุงูุชูููุงุช ูุตูุฑ ูุงุถุญ ุงูุจูุฏ ุงููุฌุงู ุงูุงุณุจุงุจ ุนุฏู ูุฌูุฏ ุงุฏุงู ูููุงุณ ุงูุชุญูู ุงูุฑููู ุงูุญูููู ุงุณูู ุจุจุงูู ุงูุฏูู	Favor
1519	Digital Transformation	ุงูุชุญูู ุงูุงููุชุฑููู ููู ุฌุฏุง	Favor
26	Digital Transformation	ููุงูู ุตุญูุญ ูููุงู ุงุฌุงูุจ ูุณุชูููู ูฅู ูกูู ุงูู ุงูุดูุฑ ููุฐุง ุชุฎุตุตู ูุทููุจ ูููู ุงููุทุงุน ุงูุนุงู ูุงูุฎุงุต ุฎุตูุตุง ุงูุชุญูู ููุชุนุงูู ุงูุงููุชุฑููู ุงูุง ุงุชุนุฌุจ ุงุฐุง ููู ูุธููู ุงุฌู ูุดููู ุญุงู ุงุตุญุงุจ ุงูู ุงูุงุฎุตุตุงุช ุงููุธุฑ	None
4093	Digital Transformation	ุงูุญูููู ูุดุฑูุน ุงูุชุญูู ุงูุฑููู ูุดุฑูุน ุชุชูุงุชู ุงูุณุงู ุงูููุดุงู ุจุงููููุง ุชุฑุชูุฒ ุงูุงุนูุงู ุจุดูู ูุจูุฑ ุนูู ุงููุฑูู ุงูุชููู ุจุฏูุฑู ูููู ูุณุกูู ุจุดูู ุงุณุงุณู ุนูู ุจูุงุก ุงูุจููู ุงูุชุญุชูู ุงูุชูููู ูุฐูู ูุชุชูุงุกู ุฑุณูุชู ุงูููุดุงู ูุชูุฌููุง ูุฒูุงุฏู ุงููุถูุฌ ุงูุชููู ููููุดุงู	Favor
2944	Digital Transformation	ุงูุชุญูู ุงูุชููู ุชุดูุฏู ุงูููููู ููุงุฐุง ูุงูุชู ุฑูุน ุงูุดููู ุงููุชุฑูููุง	None
348	Digital Transformation	ูุชููุฑ ูุฏููุง ุฑูุงูู ุงูุชุญูู ูููุงุชุจ ูุฑุงูุชุณ ูุงููุง ูููููู ุงูุทูุจ ุนุจุฑ ุงูุชูุงุตู ุฎุฏูู ุงูุนููุงุก ๐ฒ96551472418 ๐ฒ 96555444374 ุงู ุงูุทูุจ ุทุฑูู ูููุนูุง ุงูุงููุชุฑููู ุจุงูุถุบุท ุนูู ุงูุฑุงุจุท ุงูููุฌูุฏ ุงูุจุงูู ููุชุจูุงูุงู ุงููููุช ุชุนุงูู ุชูุงุกู ูุงุชูุงูู ุงููุฑุญููุงูุฑุงุจุนู ูุชุจูุชุฑุฌูู URL	None
508	Digital Transformation	ูุนุฏ ููุจููุง ุงุจุฏุง ุฑูุถ ุงูุชูุงุตู ุงุฏุงุก ุงูุฎุฏูุงุช ุจุงู ุญุฌู ูุงูุช ููุฌุจ ุงู ููุงุฌู ุงูุงูุฑ ุนูู ุญูููุชู ุจุงู ูุฑูุถ ุจุงูุงุณุงุณ ูุกูู ูุงุณุชุฎุฏุงู ุงูุชูููุงุช ุงูุญุฏูุซู ุงูุชุญููุงูุงููุชุฑููู	Favor
313	Digital Transformation	ูุฐูู ุงูุชุญูู ููุจูุน ุงูุงููุชุฑููู ุงุตุจุญ ุถุฑูุฑู ูููุณ ุงุฎุชูุงุฑ ๐๐ป๐๐ป URL	Favor
2851	Digital Transformation	ุงูุฎุฏูุงุช ูููู ุงุฌุฑุงุกูุง ุงูููุฒู ุงูุจูุน ุงูุดุฑุงุก ุงูุชูููู ุงูุชุณูู ุงูุจููู ุงูุตุญู ุงูุชุนููู ูููุง ุงูููุฒู ุงูู ูุงูู ุนุจุฑ ุชุทุจููุงุช ูุฎุตุตู ูุฐุงูู ุญุชู ุงูุฒูุงุฌ ุงูููู ุชู ุงูุชุญูู ููุนูุฏ ุงูุงููุชุฑููู ูุบูุฑูุง ุงููุซูุฑ ูุงููุซูุฑ ูุงูุนูู ูุฌุฑู	Favor
1115	Digital Transformation	ุงููู ูุชุญุฏุซ ุงูุฌุงุจูุงุช ุงูุชุญูู ุงูุฑููู ูุณุงุกู ุงูุชูุงุตู ุงูุงุฌุชูุงุนู ููู ุดูุก ุถุฑูุจู ุถุฑูุจู ุงูุชุทูุฑ ุงูุชููู ูุฒูุฏ ุงูุงูุนุฒุงู ุงูุชูุงุตู ุงูุจุดุฑู ุงููุญุณูุณ ุงูุญุฏุงุฑ ุงููุฏุฑุงุช ุงูุชุนุจูุฑูู ูุชูุฒูู ุงูููุช ุจุฑุงุซู ุงูุณุทุญูู ุจุงูุทุจุน ุทูุงุจูุง ููุญู ุฌููุนุง ุงุณุชุซูุงุก ุงูุนุงูู URL	None
187	Digital Transformation	ุฎุจุฑ ุฌููู ูููุฑุญ ูุจุนุฏ ุงูุชุญูู ุงูุงููุชุฑููู ุงูู ุดู ุนุดุงู ูููู ุงููุณุงุฑ ุงูุตุญูุญ ุงููู ูููููู ูุฎุฏูู ูุฑูุนู ุนูุงู	Favor
3614	Digital Transformation	ููุฑููุง ูุญูู 50 ุงูุดุนุจ ุงูุนุฑุงูู ุงูู ุงูุจุทุงูู ุจุณุจุจ ุงูุชุญูู ุงูุงููุชุฑููู ุงูุญูุงู	Against
421	Digital Transformation	ุจุฏูู ุงูุนูู ุงููุนุงู ูููุงูุจู ุนูููู ุงูุชุญูู ุงูุฑููู ุงููุดุงุทุงุช ุงูููุฏุณูู ูุงูู ุจุฏ ุจุฐู ุงูุฌููุฏ ูุชุญููู ุงููุกุณุณุงุช ุงูููุฏุณูู ุงูู ููุงูุน ุจุงุฑุฒู ุนูููู ุงูุชุทูุฑ ุงูุชูููููุฌู ููุงุทูุงุน ุนูู ุงูุจุฑูุงูุฌ ุงููุงูู ูููููุฏุณ ุนุจุฏู ุณูุฑูู ุฒูุฑูุง ุงููููุน ุงูุงููุชุฑููู URL URL	Favor
740	Digital Transformation	ุงุฑูุน ููุนุงูููู ุดููู ููุนุงูุงุชูุง ุจุฑูุงูุฌ ุงูุฌุงุฑ ููุงุณู ุงุณูุก ุฎุฏูู ุญููููู ุชุฑุชูู ูุชุทูุน ุงูููุงุฏู ุญูุธูุง ุงููู ูุนุงูุงู ุดูุฑูู ุงูููุงุชูุฑ ุงูุงู ุงูุชุญูู ุงููููุน ุงูุงููุชุฑููู ููุชูู ูุงูุต ุงููู ุนูุฏู ุงูุงุณุชุนุฏุงุฏ ูุงุฏุงุฑู ุงูุชุญูู ุงูุฌุงุฑ ูุชูุฏูู ุฎุฏูู	Favor
3578	Digital Transformation	ุชูุงุชู ูุฏุนู ุงููุทุงุนุงุช ุงูุงูููู ุงูููููู ููุน ุงูุชุฌูู ููุน ุงุณุชูุฑุงุฑ ุงูุฎุฏูุงุช ุงูููุฏูู ุงูุฌูุงุฒุงุช ูุงููุฑูุฑ ูุบูุฑูุง ุงููุทุงุนุงุช ุฏููู ูุจูุฑ ุนูู ูุฌุงุญุงุชูุง ุงูุชุญูู ุงูุงููุชุฑููู ููุฎุฏูุงุช ูุนุฏู ุชููููุง ๐๐ป ุดูุฑุง	Favor
1572	Digital Transformation	ุงูุฌุงุฒ ุฑุงุกุน ููุฑูุฒ ูุณุชุญู ุงูู ุงูุจุฑุงูุฌ ุงููุณุชูุจููู ุดูุฑุง ููููุณูู ุงููุงู ุดูุฑุง ููููุณู ุงููู ุงููุฑุญุจู ุดูุฑุง ููููุงุชุจ ููุฏุงุฑุณ ุงูุชุญูู ุดูุฑุง ูุงุจูุงุกู ุงูุทูุงุจ ูุงูุทุงูุจุงุช ุนูู ุงูุชูุงุนู ุงูุชููู ุงููุจูุฑ URL	Favor
1921	Digital Transformation	ููุฏ ุฎูุงู ูฃุงุดูุฑ ุงูุญุธุฑ ุงูุฌููุณ ุจุงูุจูุช ุฏุฎู ูุฌููุนู ุฏูุฑุงุช ูุฑุด ุชุฏุฑูุจูู ุชุทููุฑ ุงูุดุฎุตูู ุงูุชูููุฑ ุงูุงุจุฏุงุนู ุงูุชุญูู ุงูุฑููู ูุงููุณุชูุจู ุงูุชููู SMART GOALs ุงุฏุงุฑู ุงููุฑุงูู ุงูุนุงุฏุงุช ุงูุฎูุณ ุงูุชุณููู ูุงููุจูุนุงุช ุงูุงููุชุฑูููู ุงูุฎ	Favor
10	Digital Transformation	ูุนุงุฏู ุงูุจุดุฑ ุฐูู ุงูุนูููุงุช ุงููุญุฏูุฏู ูุงููุณููู ุงููู ูุงุฌูู ูุงูุชูุฏู ููุตููู ุจุงูุฌููู ูุงูุบุจุงุก ูููู ุงูุฎ ุณุงููู ุงูุชุญูู ุงูุฑููู ูุงูุฏูุน ุงูุงููุชุฑููู ุงููุตูุจู ุงู ููุงูู ุทูุน ุตุญ ููุฌุญ	Favor
256	Digital Transformation	ุงูุงุฑุงุฏู ูุงูุฑุบุจู ูุดุฎุตูุง ุงุนูู ููููุง ุจุงู ุงูุชุญูู ุงูุงููุชุฑููู ูุตูุนู ูุจุงุฑ ุงููุณุกููู ุงููุญุฏู ุงู ุฑุกูุณ ูุณู ููุชุฌ ููุงุนู ูุฑูู ุชููู ูุชูู ุนููู ููุนุทู ูุงูู ุงูุตูุงุญูุงุช ุจุฏูู ุชุฏุฎู ุนููู ุจุงููุงูู ุชุญููู ูุกุณุณู ุจุงููุงูู	Favor
426	Digital Transformation	ุญุชู ุงูุชุนููู ุฌููุฏูู ูุจูุฑู ุงูุชุญูู ุงูุงููุชุฑููู ูุงูุฏุฑุงุณู ๐๐ป	Favor
1988	Digital Transformation	ุงูู ูุจุฑูู ุชุณููู ุงูุฏูุชูุฑู ุฎููุฏ ุงููุงูุน ุงููุชุฎุตุตู ุงูุชุญูู ุงูุฑููู ุถูู ุงูู 50 ุดุฎุตูู ูููุงุฏู ุงูููุฑ ุงูุชููู ุงูุดุฑู ุงูุงูุณุท	Favor
2189	Digital Transformation	ููุตูุงุญุณุงู ูุฑุฌุชูุนุงุจุดุฑ ููุตูุฌูุฏุงูุงุณูุงู ูุงููุฌุฏ ุนุฐุฑ ูููุชุจุฑุน ุงู ูููู ุชู ุงุณุชุบูุงูู ุงูุชูุฏู ุงูุชููู ุงูุณุนูุฏูู ูุจุฑุงูุฌ ุงูุงูุชุตุงุฏ ุงูุฑููู ุฌุนูุช ุงูุณุนูุฏูู ููุฏูู ุฏูู ุงูุชุญูู ุงูุฑููู	Favor
2066	Digital Transformation	ุงุณุชูุฑ ููุญู ูุณุชูุฑูู ุฏุนูู ุชุณุชุญู ุงูุงุญุชุฑุงู ูุงูุชูุฏูุฑ ุณูุฏู ุงูุฑุกูุณ ุจุงูุถุฑุจ ุญุฏูุฏ ููู ุชุณูู ููุณู ุงูุชุญูู ุงูุงููุชุฑููู ูุทูุจ ูุงุถุนุงู ุงููุณุงุฏ	Favor
3070	Digital Transformation	ุงูุชุทุจูู ุฌููู ูููุฑุชู ุฑุงูุกุนู ูุงุชุบุชุฑูุง ุจุชุตุฑูุญุงุช ุงููุฒุงุฑู ุชุฏุนู ุงููุง ุชุญููุช ุงูููุชุฑูููุง ูุฏุงุฑุณูุง ูุจุฑุงูุฌูุง ุญุชู ุงูููู ุชููุฑ ุงูุดุจูู ุชูุจู ุงูุชุญูู ุงูุชููู	Favor
512	Digital Transformation	ูุฑู ุจุนููู ูุฑูุจู ูุฑู ุชุทูุฑ ุจูุกู ุงููุณุชุดููุงุช ูุฑู ุงูุชุญูู ุงูุฑููู ุงููุฒุงุฑู ุฎูุงู ุงูุชุทุจููุงุช ููุงุฑุฏ ููุนุฏ ุตุญู ูุตูุชู ูุชูู ุชุจุงุนุฏ ุตุญุชู ุงูููู ุงูุงููุชุฑููู ุจุงููุฑุงูุฒ ุงูุตุญูู ูุฑู ูุถุน ุงููุกุดุฑุงุช ุงูุตุญูู ุงุณุชุญุฏุงุซ ูุฑุงูุฒ ุชุฌุฑุจู ุงููุฑูุถ	Favor
1851	Digital Transformation	ุจุฑูุงูุฌ ุงุจุฑุฒ ุงูุชูุฏู ุงููุจูุฑ ุงูุชุญูู ุงูุฑููู ุงูุงููุชุฑููู ุญูููู ุงูุณุนูุฏูู ูุกุฎุฑุง ุงูุฌุงุฒุงุช ูุจูุฑู ุชุณุชุญู ุงุธูุงุฑูุง ููููุฐุฌ ูุดุฑู ููุญุฑู ุงูุฌุงุจู ูุตุงูุนู ุงููุฑุงุฑ ุงูุฏูู ุงูุงุฎุฑู ุชุชููู ุดุนูุจูุง ุงููุญุงู ุจุฑูุจ ุงูุชูููููุฌูุง ุฑุกูู2030 ุชุญูุธู ุนูู ุงููุฐูุน ุงูุง ุงูู ูุนุชุจุฑ ุดุงู ุฏุงุฎูู	Favor
2310	Digital Transformation	ุงูุงุฑุงุถู ุงูุจูุถุงุก ุฎูุฑ ูุซุงู ูููุฑู ุงูู ูุฏูู ุงูุชุญูู ุงูุงููุชุฑููู ุงูุณุงุจู ุงูุงู ุงูููุงุทู ููุฏุฑ ูุฎุชุงุฑ ุงููุดุฑูุน ูุทูุน ุนูู ุงููุฎุทุท ุจุดูู ุงุณูู	Favor
2866	Digital Transformation	ูุงูุช ูุญุงููุงุช ุฏุฎููู ุงูู ูููุน ุงูุงูุงูู ุงุฌู ุงูุญุตูู ุนูู ุงูุฑูู ุงูุงููุชุฑููู ุงูุง ุงุญุฒู ุนูู ูุดููุง ุงูุชุญูู ุงูุฑููู ุจุงูุฑุบู ุจุฏุง ุงูุนูู ุงูุนุงู ูขูููก	Against
397	Digital Transformation	ุนุฒูุฒู ุงูุณุกุงู ุณุงุจู ูุงูุงูู ุจุงูุตุจุฑ ูุงูุฏุนูู ูุฌูู ุงูุซูุฑู ุจุทูู ุงูุนูุฑ ุญุชู ูุฏุฑู ูุฑุญูู ุงูุชุญูู ุงูุงููุชุฑููู ูุดูุฑุง ุนูู ุงูุงููู ุงูุทูุจู ุงููุทู	Favor
2999	Digital Transformation	ูุงูุฒูุฑ ุงูุนุฏู ุงูุตูุนุงูู ุดู ุญู ููุฒุงุฑุชู ูุฒุงุฑู ุงูุนุฏู ุงููู ูุงูููููู ูุนุทููู ุงููุฑูุง ุฑูุถุงู ุจุญุฌู ุงูุชุญูู ุงูุงููุชุฑููู ููู ุงุดุบุงููุง ูุงููู ุงููู ูููู ุฑุฒููู ุงุดุบูุชููุง ุงุฑูุน ุจูุงุบ ููู ุฑูู ุงูุชุฐูุฑู ุงูุฏูุงุกุฑ ุงูุญููููู ูุงุชุญู ุงููู ูุงููุชุญ	Against
3036	Digital Transformation	ุงูุงุนูุงู ููุจุฑุงูุฌ ุงูุชุฑููููู ูุงูููุงุจูุงุช ุงูุชุงููู ููุท ูุนุฏู ูุฌูุฏ ุจุฑุงูุฌ ุชุซููููู ูุชุนููููู ุฎุงุตู ุงููุฌุงู ุงูุชููู ุณูุฌุนููุง ุดุนุจ ูุชุฎูู ุงูุตู ูุฑุงุญู ุงูุชุทูุฑ ูุฏูู ุชูุฏูู ุฎุฏูู ุงูุชุฑุงุณู ุจุงููุงุชุณ ุงุจ ููุณูููุง ุงูุชุญูู ุงูุฑููู ูุงูุชุทูุฑ ุงูุชููู ููุฐุง ุนูุจ	Favor
3365	Digital Transformation	ูุงูู ูููุง ุงูู ุดุบููุง ุชุทุจูู ุณูู ุงููุงูุน ูุกูู ุนุงูุฌูุง ุงููุงูุน ุงูุชุญูู ุงูุงููุชุฑููู ูููููู ุงูุฎุงูุฏ ุงูุจู ุงูุฑุฌูุน ูููุนุงููุงุช ุงููุฑููู	Favor
2238	Digital Transformation	ุงูุชุญูู ุงูุชููู ุงูุดููู	None
400	Digital Transformation	ุฏููุงู ุงูููุณุงูู ูุชุฌู ุงูู ุงูุชุญูู ุงูุงููุชุฑููู ุจุงููุงูู ูุงูุช ุฌุงูุณ ุจูุชู ูุฎุฏูู ุงูุชุญููุงูุฑููู	Favor
1362	Digital Transformation	ูุฑุญูู ุงูุฌุงุกุญู ุงูุงุจุชูุงุฑ ุถุฑูุฑูุง ุงูุซุฑ ุงู ููุช ูุถู ุฎูุงู ุนูุฏ ุดุฑุงูุงุช ุฏูููู ุงููู ูุชุณุฑูุน ูุชูุฑู ุงูุชุญูู ุงูุชููู ุงูุนูู ุงูุดุฑุทู ูููููุง ููุงุฌูู ุงููุงุน ุฌุฏูุฏู ุงูุชูุฏูุฏุงุช ุงููุชููุนู ูุญูุงูู ูุฌุชูุนุงุชูุง ุจุตูุฑู ุงูุถู URL	Favor
1926	Digital Transformation	ูุงููู ุงูุง ูุงูุฌูู ุงูููู ุงุตุจุญ ุญูู ุงูููู ุนูู ุงูุถุนูู ููู ุงููุณูุทุฑุนูุฏูุง ุชุฐูุจ ูุชุฑูุฏ ุฏูุน ูุงุด ูููุงู ูุงุงูุจู ุงูุง ุงููุชุฑููู ูุนูุฏูุง ุงูุฏููู ุชูุฒู ุงููุชุงุฌุฑ ูุบูุฑูุง ุจูุฌูุฏ ุงูุฏูุน ุงูุงููุชุฑููู ูุงู ุงูุชุญูู ุณูููู ุงุฌุจุงุฑูุง	Against
113	Digital Transformation	ุงูุฌุงุกุญู ุณุฑุนุช ุงูุชุญูู ุงูุงููุชุฑููู ูุบูุฑุช ุณููู ุงููุณุชููููู ุดู ุงููููู ุงูุงุนุชูุงุฏ ุนูู ุงูุชุฌุงุฑู ุงูุงููุชุฑูููู ุงููููู ุงุณุชุจุนุงุฏ ูุชุงุฌุฑ ุงูุทูุจ ุงูููุธููู ุงูุชุฌุงุฑูู ูุงุณุจุงุจ ุญูููู ููุบุงูู ุงููุดุงุท ุงูุนูุฑุงูู ูุงูุจุทุงูู ุงูุทูุจ ูุงูุงููุชุฑููู	Favor
19	Digital Transformation	ููู ุงููุธุงู ุงูุงุณุงุณู ุญู ุงูุชูุงุถู ููุงูู ูุนูุด ุนูู ุงูุงุฑุถ ุงูุทูุจู ูุนูู ููุฌ ุงูุชุญูู ุงูุงููุชุฑููู ุงูุณูุทูู ุชู ุงุทูุงู ููุตู ุงููุชุฑูููู ุฎุงุตู ุจุงููุญุงูู ุจุบุฑุถ ุชุณููู ุงุฌุฑุงุกุงุช ุงูุชูุงุถู ููุตุฏู ุจุงูุตุนูุจุงุช ุงูููููู ุงููุชูุฑุฑู ุงูููุตู ูุงุตุจุญ ุงููุธุงู ุงูุงููุชุฑููู ุนุงุกูุง ูุญูู ุงูุญู ุงูุฏุณุชูุฑู	Against
3653	Digital Transformation	ุงูุชุญูู ุงูุณุฑูุน ุงูุชุนููู ุงูุชูููุฏู ุงูู ุงูุชุนููู ุงูุงููุชุฑููู ุฎูุงู ุงูุงู ูุนุฏูุฏู ุฑุบู ูุงูุงุฌููู ุงูุงุณุงุชุฐู ูุงูุงุณุชุงุฐุงุช ุงูุทูุงุจ ูุงูุทุงูุจุงุช ูุฏู ุนูู ููู ููุชุงูู ุงูุชุนููู ุจูุงุฏูุง ูุงูุญูุฏููู ูุงููุฏุฑุงุช ุงูุนูููู ูุงููุนุฑููู ูุชุญูู ุงูููุงุทู ุงูุณุนูุฏู ุจุงุฐู	Favor
550	Digital Transformation	ุงูุฌูุงุช ุจุฏุงุช ุงูุชุญูู ุงูุงููุชุฑููู ุจุนุถูุง ุชุฒุงู ุชุชุนุงูู ุจุงููุธุงู ุงููุฑูู ูููู ูุธุงู ูุชูุงูู ูุฑุชุจุท ุงูููุงุกุญ ูููู ุงูููุช ูุงูุฌูุฏ ุนูู ุงู ุชุฑุชุจุท ุงููุญุฏุงุช ุจูุธุงู ูุชูุงูู	Favor
4015	Digital Transformation	ุงูุงุฒุฏุญุงู ูุฑุงู ูุฑูุน ุดุฑูุงุช ุงูุงุชุตุงูุงุช ุฑุบู ุงูุฌุงุกุญู ูุชุญูู ุงูุนุฏูุฏ ุฎุฏูุงุช ุงููุทุงุนุงุช ุงูู ุงูุฎุฏูุงุช ุงูุณุญุงุจูู ุงุณุชุบุฑุจ ุจุดุฏู ูููู ุจุดุฑูู ุงุชุตุงูุงุช ุงูููุชุฑุถ ุงููุง ุชุณุจู ุงูุฌููุน ุงูุชุญูู ุงูุชููู ุชุฒุงู ุชูุจุน ุงูุงููู ุงูุชูููุฏูู ุงูุฌุงุฒ ุงูุงุนูุงู ุงูุง ุงูุฎูู ุงูุชุณููู ุงู ุงูุฎุฏูุงุช	None
1287	Digital Transformation	ุฌุนูุช ุงูุชูููู ูุชุณููู ุงููุนุงููุงุช ูุงูุงุนูุงู โจ ุดูุฑุง ุดุฑูู ุงูุชุญูู ุงูุชููู ุนูู ุงูููุน ุชูุฏููู ุงููุฑุงูุงูุชูููู URL	Favor
2995	Digital Transformation	ุฏุงูู ุงููููุง ุงูุถู ุงูุงูู ุงูุงูู ุงูุฑูุงุถ ุดุบู ูููุฒ ุนูู ุฑุงุกุน ุงูุชุญูู ุงูุชููู ุงูุฐูู ๐๐ป๐คฉ	Favor
161	Digital Transformation	ุงููุตูุจู ุงูู ุงูุชุญูู ุงูุงููุชุฑููู ุงูุนุงูู ูุงู ุงููุนุงููุงุช ุฎูุงู ุงููุช ุงุตุจุญุช ุงููุฎุงุทุฑ ูุซูุฑู ูุงููุงูุฑุฒ ูุซูุฑ ููููู ุญุงู ุงู ุญุงุฏุซ ุงุฑูุงุจู ููุทุน ูุงุจูุงุช ุงูุงูุชุฑูุช ุงููู ุงูุจุญุฑ ูุญุฏุซ ุดูู ุชุงู ููุจููู ูุงูุฎุฏูุงุช ุงูุญููููู ุงูุชูููููุฌูุง ุณูุงุญ ุญุฏูู	Against
3170	Digital Transformation	ูุฐุงุจูู ูุฑูุฒ ุงููุนูููุงุช ุงููุทูู ูุณุฏุงูุง ุงุณุงุณ ุงูุฌุงุฒุงุช ุงูุชุญูู ุงูุชููู ููููู ุณุนูุฏููู ุงูุณูุฏุงูู ููู ุงููุญูุฏ ุงุณุทูุงูู ุงูุบุงุฒ ูุนุจููุง	Favor
2071	Digital Transformation	ููุงุณู ููุง ููุชุธุฑ ุงูุชุญูู ุงูุงููุชุฑููู ุงููุณุงููู ุงูุนุฏุงูู ุงููุงุฌุฒู ูุตู ุงูุญุงู ููุนุฏุงูู ุงูุนุงุฌุฒู ุงูุนูุจ ุงูููุฑู ุงูุชุทุจูู	None
2568	Digital Transformation	ุดุงูููู ุงููู ูุงุนุฏูู ููุตูู ุจุงูุชูููู ูุงูุชุทูุฑ ุงูุชููู ุงูุณุฑูุน ุนุจุฑ ุงูุชุญูู ุงูุฑููู ููุฌูุงุช ุงูุญููููู ูุชุนุฒูุฒ ุฑูุงุฏุชูุง ุงูุนุงูููู ุชูููุง ููุจ22 URL	Favor
2342	Digital Transformation	ุดุฑุทู ุนูุงู ุงูุณูุทุงููู ุชูุฏูุช ุฎุทูุงุช ูุจูุฑู ุจุงูู ุงููุกุณุณุงุช ุงูุญููููู ุงูุฎุฏููู ุงูุชุญูู ุงูุงููุชุฑููู ููุฌุญุช ูุฌุงุญุง ูุจูุฑ ูููุน ุงูุงุณุชูุงุฏู ุฎุจุฑุงุช โ URL	Favor
3262	Digital Transformation	ุงููู ุงุนูู ุงููุฌุงู ุงูุชููู ูููู ุตุฑุช ุงูุฑู ุงูุชุญูู ุงูุฑููู ูุดุฎุต ููุธู ูุฏู ูุกุณุณู ุตุงุญุจูุง ูุงูู ุบุฑูู ุงูุนูู ูุตุงุญุจูุง ูุงูู ุงุฎุฑ ุงุจุดุฑ ุงุนูุงู ูุญุงููุงุช ุดุชู ูุงุตุฏุงุฑ ุงูุงูู ุงู ุญุชู ุงูุงูู ูุกูุชู ุจุฑูู ุงูุญุฏูุฏ ูููุง ุจุงุกุช ุจุงููุดู ุถุนู ุงูุฑุจุท ูุฒุงุฑู ุงูููุงุฑุฏ ุงูุจุดุฑูู ููุฒุงุฑู ุงูุฏุงุฎููู	Against
2964	Digital Transformation	ุฌููุฏ ุฑุงุกุนู ุดุงุก ุณุนุงุฏู ุนููุฏ ุงููููู ูุฑุกุณุงุก ุงูุงูุณุงู ุงูุนูููู ูุชุทููุฑ ุฎุทุท ุงูุชุญูู ุงูุชููู ุจุงููููู ูุชูุนูู ุงูุงูุธูู ุงูุงููุชุฑูููู ุจุงูุณุงู ุงููููู ููู ุงููู ุงูุฌููุน ุฑูุนู ุฌุงูุนุชูุง ุงูุญุจูุจู ุงูุชุทูุฑ ุงูุชููู ุจุงูุฌุงูุนู ูุฎุชุตุฑ ุงูููุช ูุงูุฌูุฏ ูุงูุงููุงููุงุช ููุกุณุณ ูุจูุกู ุฑูููู ุชุณุงุนุฏ ุนูู ุงูุงุจุฏุงุน URL	Favor
3617	Digital Transformation	ููุงุฐุง ูุชููู ุงูููุงุทู ุจุดูู ุนุงู ูุงูุทูุจู ุจุดูู ุฎุงุต ุจุชุญูู ุชูุงููู ุฎุฏูุงุช ุงูุงูุชุฑูุช ูุณุท ุงุฎุชูุงุฑ ุงูุฏููู ุงูุชุญูู ุงูู ุงููุนุงููุงุช ุงููุชุฑูููุง ูุฑุถ ุงูุงุฌุชูุงุนุงุช ุงูููุงูู ุงูุชุนูููุงูุงููุชุฑููู ุงููุทููุจ ุงู ูุชููุฑ ุงูุงูุชุฑูุช ุจุงููุฌุงู ููุฌููุน ุงูุชุฑูุชุจุงููุฌุงู	None
2588	Digital Transformation	ุงูุชุญูู ุงูุงููุชุฑููู ุจุงููุงูู ุงูุชุนุงููุงุช ูููู ูุงุฑุซู ูููุง	Against
2142	Digital Transformation	ุจุฏุนู ูุชูููู ุณูู ููู ุงูุนูุฏ ุงูุงููุฑ ูุญูุฏ ุจู ุณููุงู ูุงูุชุฏุงุฏุง ููุฌููุฏ ุงููุณุชูุฑู ูุชุนุฒูุฒ ุฑูุงุฏู ุงูููููู ูุฑุญูู ุงูุชุญูู ุงูุชููู ูุงูุฑููู ูุงุชููู ูุกุชูุฑ LEAP22 ููููู ุงูุนุงูู ููุฑู ุงููุณุชูุจู ุณุฌู ุงูุงู ูุญุถูุฑ ุงููุกุชูุฑ ูุงุฌูู ุงูุฑูุงุถ 1 3 URL URL	Favor
2880	Digital Transformation	ููู ูุญุงุณู ููุฑููุงุงูุฌุฏูุฏ ุงูุง ุงูู ุฏูุน ุนุฌูู ุงูุชุญููุงูุฑููู ููุงูุงู ๐ ุจุฑูุงูุฌ zoom ุญูู ุงูุชุดุงุฑุง ูุฐููุง ุงูุงูุงู ุจุณุจุจ ุชุญูู ุงูุชุนููู ุงูุชุนููุนูุจุนุฏ ุณูุงุกุง ุงููุฏุงุฑุณ ุงู ุงูุฌุงูุนุงุช ุงู ุญููุงุช ุงูุชุญููุธ ููุญููุง โบ๏ธ ุดูุฑุง ูุดุฑูู ุงูุชุญููุงูุชููู ุนูู ุฌููุฏูู ูุดุฑ ุงููุนุฑูู๐ท URL	Favor
3607	Digital Transformation	ุงูุชุญูู ุงูุชููู ุงูุณุนูุฏูู ุงููู ูุงุณุฑุน ุจูุซูุฑ ุงูุญุงุตู ุงูุฑูุจุง ุจูุฑุงุญู ุณูุงุก ุชุทุจููุงุช ุญููููู ูุชุฌุงุฑูู ุงู ุชุฐุงูุฑ ุงููุชุฑูููู ูุฎุฏูู ุนููุงุก ุงู ููุงุท ุจูุน ุชุฏุนู NFC	Favor
1666	Digital Transformation	ุตุงุญุจ ุงูุฌูุงูู ุงูุณูุทุงู ููุซู ุจู ุทุงุฑู ุงููุนุธู ุญูุธู ุงููู ูุฑุนุงู ูุชุญุช ุงูุงุฒูู ุงูุฑุงููู ุงููุฑุตู ููุทุงูุงุช ุงููุทููู ูุชุณูู ุงูุญููู ูุณุฑุนุช ูุชูุฑู ุงูุชุญูู ุงูุฌุงูุจ ุงูุชููู ููุณุชูุจูุงูุซุฑุงุดุฑุงูุงูุงุฒุฏูุงุฑุง ููุชุฒูููุจุดุฑุงูุชูุงุงููุฌุชูุนูู URL	Favor
3585	Digital Transformation	ููุงู ููู ูุญุชูู ุนูู ุชูุฑูุฑ ููู ูุณุชูุจู ุงูููุท ููุตุฏุฑู ุงูููุท ุธู ุงูุชุญูู ุงูุชููู ูุงูุฑููู ูุงูุทุงูู ุงููุธููู ูุชุฌู ุงููุตุฏุฑูู ูุจูุน ุงูุจุฑ ูููู ููููู ุงูุชุญูู ูููุฎูุถ ุงูุณุนุฑ ุงู ููุณููู ูุฏููู ููุฑุชูุน ุงูุณุนุฑ ูุฏุงูููู ุงูุชุญูู URL	None
1057	Digital Transformation	ูุกุชูุฑ ูุญูู ุงูุชุญูู ุงูุชููู ุงูููููู ููุงู ูุดุงุฑูู ุงุจุฑุฒ ุงูุดุฑูุงุช ุงูุชูููู ุดู ุฌุจุงุฑ ูุงูุตุญ ุจุงู ูุฎุชุต ุงูู ูุงูููุช ุงููุนุงุฑุถ	Favor
499	Digital Transformation	ุงูู ุงูุญููู ุงูุงุนูุงููู ููููุนููุฏุฑุงูู dirayakw ูุฏููุง ุงุดูุฑ ุชูุนูู ุงููุณุชููู ุงูุนููู ุงููุตุฑูู ุนูู ุฏุฑุงูู ุงูุฑุณูู ุนูู ุงูุชุญููุงูุฑููู ุณูุงุณุงุช ุงุณุชุฑุงุชูุฌูุงุช ููุชุญูู ุงูุฑููู	Favor
323	Digital Transformation	ุดุฑู ุงุณูุง ูุธุฑุง ูุงุบูุงู ุงููุฏุงุฑุณ ูุงููุฒูุฏู ุจุงูุชูููููุฌูุง ุชููุฑ ุธุฑูู ุงูุซุฑ ูุงุจููู ูุชุทุจูู ุงูุชุนููู ุงูุงูุชุฑุงุถู ุชูุชูุฒ ุงูุญูููุงุช ูุดุฑูุงุช ุงูุชุนููู ุงูุงููุชุฑููู ุงููุฑุตู ูุชุฌุฑุจู ุงูุชุญูู ููุชุนููู ููุฐุง ุชููุนู ูุงูู ุชุฑููุงูู ูููขููกูค ุฎุจูุฑ ุงูุจูู ุงูุฏููู ุจุงู ุงูุงูุจุกู ุชุฏุนู ุงูุชูุฌู ุฌูุนููุจุงุฑูู URL	Favor
593	Digital Transformation	ุงููุตุฏุฑ ููุตู ุงุนุชูุงุฏ ููู ุงููุชุฑูููู ุชุชุจุน ููุฒุงุฑู ุงููุงููู ูุชูุซู ุงูุชุญูู ุงูุงููุชุฑููู ุชุณุนู ุงูู ุชุญููู ุงุนูุงู ูุฒุงุฑู ุงููุงููู ููู ูุฎุชุต ุจุงูููุฒุงููู ุงูุนุงูู ูุงูููุฒุงููู ุงูุฌูุงุช ุงูุญููููู ุฑูููุง ูุชุดูู ุงุฏุงุฑู ุงูุนููุฏ ูุงูููุฒุงููู ูุงููุฏููุนุงุช ูุงุฏุงุฑู ุงูููุง	Favor
2443	Digital Transformation	ุงูุชุญูู ุงูุงููุชุฑููู ุญูููู ุงุถุงูู ูุจูุฑู ููููุฐ ุจูุน ูุชุณููู ุงููุนุชุงุฏ ๐ ุจุงูุชูููู	Favor
1103	Digital Transformation	ุงูุงูุชุงุฌุงูุชุนููููุงูุฑููู ูุงุดุงุก ุงููู ุชุจุงุฑู ุงููู ุจุฑูุงูุฌ ุชุฏุฑูุจู ุฑุงุกุน ูุนุชุจุฑ ุงูุจุฑุงูุฌ ุชููู ุงูุฏุนู ุญูููุชูุง ุงูุฑุดูุฏู ูุชุญููู ูุฏู ุงูุชุญูู ุงูุงูุชุงุฌ ุงููุฑูู ุงูุชูููุฏู ุงูู ุงูุงูุชุงุฌ ุงูุชููู ุงูุญุฏูุซ ุชุนุงููุชูุง ุฑุกูู 2030 ูุงุดูุฑ ุงููุฏุฑุจู ุงูุฑุงุกุนู ุงูุงุณุชุงุฐู ุนุฒู ุงูุบุงูุฏู	Against
868	Digital Transformation	ูุดูุฑ ุงูููุงุฏุงุช ุงูุชุฑุจููู ุงูุงุจุญุงุฑ ุงูุชุนูู ุงูุฑููู ูุงูุชุนููู ุงูุงููุชุฑููู ููุน ุงููู ูุจูุฑูุช ูุณุงุนููู ูุดุฑ ุงูุนูู ุงููุงูุน ุงูุชุญููุงูุฑููู ุงูุชุฏุฑูุจุนูุจุนุฏ ุชุนููู ุงููุนููุงูุฑููู ุงููุนููุงูุชููู ุญููุนุงูุชูููู URL	Favor
2004	Digital Transformation	ููุฑููุงููุฑูุณ ุงุฎุชุตุฑ ุณููุงุช ุนุฏูุฏู ุนูู ูููู ุงููุญุงูุงู URL	Favor
2252	Digital Transformation	ูุนูุด ุงูููู ุฒูู ุณูุทุฑ ุงูุชุญูู ุงูุฑููู ุนูู ุนุงูููุง ุจุดูู ูุฐูู ุงุตุจุญ ุงูุณูู ููุบุงูู ุงููุตูู ูุงู ุดุฎุต ุชุณุชูุฏูู ุญูู ุงูุนุงูู ุฒูู ุงูุชุณููู ุงูุงููุชุฑููู ูุนุฏู ุชูุงุฌุฏู ุนูู ุงูุดุจูู ุงูุนููุจูุชูู ูุกุฏู ุงูู ุฎุณุงุฑู ุงูุซุฑ 65 ุงุฑุจุงุญู ุงููุชููุนู ุงูุงุถุงููู ุงุจุฑุฒ ุทุฑู ุงูุชุณููู ุงูุฑููู ุงูุซุฑูุฏ	Favor
2115	Digital Transformation	ุชุญูู ุฑููู ุงูู ุงูุช ูุงูุฑ ุงู ููููุน ุนูุฏู ุชุญูู ุฑููู ุงูุง ููุช ุงูุจุงุฑุญ ููุนู ุงูุชุญูู ุงูุฑููู ูุจุนุฑููุด ุงูุฌููุฒู ุงุณุงุณุง ูุด ุนุงุฑููู ููุชุจูุง ุงูููู ุฎูููู ุณุงูุชู ุงูุชุญูู ุงูุฑููู ุฏู ุงููุดูุด	Against
3359	Digital Transformation	ุงููุกูุฏ ุงู ุงูุงุฒูู ูุงุฌูุช ุงููุทุงุน ุงูุชุนูููู ุจุณุจุจ ุชูุดู ููุฑูุณ ููุฑููุง ุฏูุนุช ุงูุชุนูู ุงูุงููุชุฑููู ุงููุงุฌูู ูุบุฏุง ุฎูุงุฑุง ุจุฏูู ุนูู ุณููุงุฌู ุงููุนูููู ุชุญุฏูุงุช ูุจูุฑู ูููุงูุจู ุงูุชุญูู ุงูููุงุฌุก ุงูุง ุงูู ุจุงูุชุฎุทูุท ุงูููุงุณุจ ูููู ุงูุชุบูุจ ุนูู ูุซูุฑ ุงูุนูุจุงุช	Favor
3674	Digital Transformation	ุงู ุชุญูู ุฑููู ุงููู ูุตูุญูู ูุญูุง ุณูู ูุงููู ูุชุงุจุน ูุนุงููู ููุงู ุฑุงูุฏู ุญุณ ุฎุจุฑ ุงุณุชุฌุงุจู ุนูู ุงูุงุทูุงู ุงุฐุง ููู ุงูุชุทููุฑ ููุณ ุงูุฎุฏูุงุช ุจุดูู ูุจุงุดุฑ ููุง ุฌุฏูู ุงูุชุญูู ุงูุฑููู	Favor
607	Digital Transformation	ุงููู ูููุชู ุงูุจูุงู ุงู ุงุฑุชูุงุน ุงูุฎุณุงุกุฑ ุจุณุจุจ ุฑุกูุณู ุงุนุงุฏู ุชูููู ุงูุงุณุชูุงุช ุงูููุฌูุฏู ุงููุฎุงุฒู ุงูุชุญูู ุงูู ุงูุชุณููู ูุงูุจูุน ุนุจุฑ ุงูุณูู ุงูุงููุชุฑููู ุงููุณุชูุจู ูุงุบูุงู ุงุบูุจ ุงููุฑูุน ูุชุฎููุถ ุงูุงูุฏู ุงูุนุงููู ุญู ุงูุญููู ุงููุณุชูุจููู	Favor
3028	Digital Transformation	ููุงููู ุงูุชุญุฏูุซ ุงูุชููู ุชุงุชู ุตูุฑู ูุฏูุฑ ุงู ุฑุกูุณ ูุฌูุณ ูุดุนุฑ ุจุงูุฎุทุฑ ุนูุฏูุง ุชุณุชุจุฏู ุงูููุงุฐุฌ ุงูุนุชููู ูุญูุธ ููููู ุจูุงุกูุง ุชุนุจุกุชูุง ููุฎุดู ุงูุชุญูู ุจุณุจุจ ุงูุงููู ุงูุชูููู ูุฑูุถ ุงู ูุนุงูุฌูุง ูุฐุง ุชุงูุฏ ุชูุงูุฑ ุซูุงูู ุชูููู ูุงููู ุงูููุธูู ุงูุชุญูู	Favor
435	Digital Transformation	ุฌูุนูู ุงูุจุทุงููู ุงูุฎูุฑูู ููุฎุฏูุงุช ุงูุงุฌุชูุงุนูู ุงูุงุญุณุงุก ููุชุนุฑูู ูุธุงูุฑุงูุฏุงูุงููุชุฑููู ูุชุญููู ุงูุชุญููุงูุฑููู ุงูุฌูุนูู ูุฐูู ุจุญุถูุฑ ุฑุกูุณ ูุฌูุณ ุงูุงุฏุงุฑู ุงููููุฏุณ ุงุจุฑุงููู ุงูุญุงุฌู ูุงููุฏูุฑ ุงูุชูููุฐู ููุฌูุนูู ุงุนูุณู ุงูุจุฑุงููู URL	Favor
359	Digital Transformation	ุชุฌุฑุจู ุดุฎุตูู ุงูุชุตุฏููุงูุงููุชุฑููู ุบุฑููุงููุฏููู ูุดููุฑู ุณูู ูุณุฑุน ุงูุงุฌุฑุงุกุงุช ูุงูุนูููุงุช ูุงุฏุงุฑู ุงูููุงุฑุฏ ุงูุจุดุฑูู ูุงููุดุงุฑูุน ูุชูููุฐ ุทูุจุงุช ุงูุชุตุฏูู ุงูููููู ุฎูุงู ุงูุฎุฏูุงุชุงูุงููุชุฑูููููููุดุชุฑููู ุญุชู ุงููุงุช ุงูุงุฌุงุฒุงุช ุงูุฑุณููู ุดูุฑุง ุนูู ููุงูุจู ุงูุชุญูู ุงูุฑููู URL URL	Favor
2579	Digital Transformation	ุงูุชุญููุงูุฑููู ุงูุญููููุงูุฐููู ุงุญุฏ ุงูุฌูุงุช ุชุฏุนู ุงูุชุญูู ุงูุฑููู ุฑูุนุช ุงูููู ุทูุจ ุฏุนู ููู ููุฌูุฏ ุฎูู ูููุฐุฌูู ุงูุงููุชุฑููู ุฑุฏูู ุจุฑุณุงูู ูููุงูกูจ ุทูุจ ููฆ ูุณุชูุฏุงุช ูุทููุจู ููู ูููุตูุง ููู ุงุฎุถุฑ ุนูุงูู ุฑุบู ุงูู ุงูุจูุงูุงุช ูุงููุณุชูุฏุงุช ุจูุงุนุฏู ุจูุงูุงุชูู ูุญููุธู ุงูุญุงู	Against
2735	Digital Transformation	ุงูุฌุงุฒ ุงููุนุงููุงุช ูุงูุงุฌุฑุงุกุงุช ุจุงูุงุฌูุฒู ุงูุฐููู ูุนูุฏ ุงูุงุฌุชูุงุนุงุช ูุงูุชุนููู ูุบูุฑูุง ุงูุงููุฑ ุชุตุจ ุงูุชุญูู ุงูุชููู ูุณุฑุนู ุงูุงูุฌุงุฒ ูุนุฏู ุชุนุทูู ูุตูุญู ุงูููุงุทู ุงุซูุงุก ุงูุญุธุฑ ุงูููู ุงูุงูุฌุงุจูุงุช ูุงูู ุงู ุชุณุชูุฑ ุงูุซูุงูู ุงูุชูุงุก ุบูู ุงููุจุงุก ุจุงุฐู ุงููู ุชุนุงูู	Favor
835	Digital Transformation	ุงูุฌุงูุนูุงูุงุฑุฏููู ุงูุชุชุงุญ ุงููุกุชูุฑ ุงูุฏููู ุงูุณุงุฏุณ ุงููุดุฑ ุงูุงููุชุฑููู ุจุนููุงู ุงูุชุญูู ุงูุฑููู ุซูุงูู ุงูุจุญุซุงูุนููู	Favor
7	Digital Transformation	ุฎุตูุตูู ุงูุจูุงูุงุช ูุญูุงูุชูุง ุงูููุธูู ูุทูุจ ููุจุบู ุงู ุชููู ุฐุฑูุนู ูุณุฏ ุงูุทุฑูู ุงูุงู ุงูุชุญูู ุงูุชููู ูุงููุง ูุฌูู ูุญูู ุจูุงูุงุชูุง ุงููุถุงุก ุงูุชููู ุงู ุนูููู ุงูุชุญูู ุงูุฑููู ุฎูุงุฑุง ููุจูู ุงู ูุฑูุถู ููุญู ูุทุงุน ูุชุณู ุจุงูุดูุงููู ูุงููุดุงุฑูู ุงููุฌุชูุน ูุงุตุญุงุจ ุงููุตูุญู	Favor
2946	Digital Transformation	ุจุฏุก ุนูููุงุช ุงูุชุญูู ุงูุงููุชุฑููู ูุฎุฏูุงุช ูุฒุงุฑู ุงูุฒุฑุงุนู ุงูุงุฑุฏูุงูููู URL	None
990	Digital Transformation	ุฎุจุฑุงุก ุงูุชุนููู ุงูุงููุชุฑููู ูุดูุฏูู ุจูุฌุงุญ ูุฒุงุฑู ุงูุชุนููู ูุงูุฌุงูุนุงุช ุงูุณุนูุฏูู ุงูุชุญูู ููุชุนููู URL	Favor
2525	Digital Transformation	ุงุซุจุช ุงูุชุญููุงูุฑููู ุงููุฌุงู ุงูุตุญู ูุนุงููู ููุนูู ุชุญุณูู ุชุฌุฑุจู ุงูุฎุฏูุงุช ุงูููุฏูู ูููุฑุถู ูุชู ุชุณุฎูุฑ ุงูุชูููู ูุชูุฏูู ุฑุนุงูู ุทุจูู ุชุฌุงุฑ ุงูุชุฌุฒุกู ุงูุตุญูู ุจุฏูุฑูู ุงู ูุชุฌููุง ุงูุชุญููุงูุชููู ูุชูุฏูู ุฎุฏูุงุชูู ูููุณุชููู ุจุดูู ุงูุซุฑ ูุนุงููู ุธู ุงูุงูุถุงุน ุงูุฑุงููู	Favor
2552	Digital Transformation	ุงุดูุฑ ููุธููู ุงูุงุชุตุงูุงุช ููุซูู ุงููุฑูุฒ ุงููุทูู ููุชุตุฏูู ุงูุฑููู ุฏุนู ุงููุทุงุน ุงูุฎุงุต ูุชูููู ุงูุชุญูู ุงูุชุตุงุฏุฑููู ุงูุจูู ุงูุณุนูุฏู ุงููุฑูุณู ูุจุนุฏ ุงูุชูููุน ุดุฑูู ุงููุนุชูุฏู ูุฏู ุงุตุจุญ ุงูู ุจูู ููุฏู ุฎุฏูู ุงูุชูููุนุงูุฑููู ูููุณุชููุฏูู URL	Favor
4088	Digital Transformation	ุงูุชุญูู ุงูุฑููู ุงุณูู ุชุนุฑูู ุจุงุฎุชุตุงุฑ ุงูุงุณุชุซูุงุฑ ุงูููุฑ ูุชุบููุฑ ุงูุณููู ูุงุญุฏุงุซ ุชุญูู ุฌุฐุฑู ุทุฑููู ุงูุนูู ุทุฑูู ุงูุงุณุชูุงุฏู ุงูุชุทูุฑ ุงูุชููู	Favor
2420	Digital Transformation	ููุธููู ุงูุชุญูู ุงูุงููุชุฑููู ุญุงููุง ููุงุกุชูุง ููุฎูุถู ููุบุงูู ุงููุงูููุงุช ุงูุง ุงููุง ุฎุงุฑุฌ ุงูุฎุฏูู ุงู ุงููุง ุฎุงููู ุงููููุฏ ูุงูุชุนุงูู ุชููููููุง ููุธูู ุฎุฏูู ุงูุนููุงุก ูุงุฑุซู ุงุฎุฑู ููููู ูููู ูููู ูุธููุชู ูุงุฐุง ุชุญุชู ุงูุฐูุงุจ ููุจูู ููุฏ ุถุงุนุช ุซูุงุซู	Against
3405	Digital Transformation	ูุจุตุฑุงุญู ุชุทูุฑ ุฑููู ูุฐูู ุฏูู ุงูุฎููุฌ ูุฐูู ุฌุฏุง ุงููู ุถุฏ ุงูุชุญูู ุงูุฑููู ููุฏู ุงุนุชูุงุฏ ููููุง ุงู ุงูุชุญูู ุงูุฑููู ุณูุกุฏู ุงูู ูุดุงูู ููุตุงุกุจ ูุจุฑู ุงููุณุชูุจู ุงููุณุชูุจู ุงููุฑูุจ ูุณุชุนูุฏ ุงูุฏูู ูุงูุดุฑูุงุช ูุงูุงูุธูู ููุงุนุชูุงุฏ ุนูู ุงูููุงุฑุฏ ุงูุจุดุฑูู	Favor
2242	Digital Transformation	ุงูุชุญูู ุงูุฑููู โ great reset โ ููุนู โ ููุท ุงูุนููุงุช ุงูุฑูููู ุนุงูู ุฑููู URL URL	Favor
1024	Digital Transformation	ูุนูุฏ ุงูุชุญูู ุงูุฑููู ูุฌุจ ุงู ุชุชู ุงููุนุงููู ุจุงุณุฑุน ููุช ููุงุชูู ุงูุฑุฏ ุจุงุณุฑุน ููุช ูููุณ ุชุฐูุจ ุฑููู ููููููุง ููุธู ููู ุงูุณู ูุชูุชุธุฑ ูฃ ุงูุงู ูุงูุชู ูุญุธู ุตุงูุฑ ุงุญุฏู ุงูุงูุงูู	Favor
2945	Digital Transformation	ุงูุฎุฏูู ูุชุงุญู ุงููุฑูุน ุงุฑุจุฏ ุบุฑุจ ุงุฑุจุฏ ุงูุญุตู ุจูู ููุงูู ุงูุฑูุซุง ุงูููุฑู ุงูุตุงูุญูู ุงูุฒุฑูุงุก ุงูุฑุตููู ุงูุฑุตูููุงูุฌุจู ุงูุดูุงูู ุญู ูุนุตูู ุงููุงุดููู ุงูุนูุจู ูุงุฑูุง ุงููุญุงูุธุงูุงููุชุฑูููู ุงูุชุญููุงูุงููุชุฑููู ุงูุฏูุนุงูุงููุชุฑููู ุฎุฏูุงุชูุงููู ุฎุฏูุงุชุงููุชุฑูููู FinTech Microfinanace	None
1526	Digital Transformation	ุจููุฌ ูุฌุชูุน ูุงุฏู ุงูุนุทุงุก ุงููุทุงุน ุงูุฑุจุญู ูุชูุฑูู ุงูุฑุกูุณ ุงูุชูููุฐู ูุดุฑูู ุงูุชุญูู ุงูุชููู ุนุจุฏุงูุนุฒูุฒุงูุญูุงุฏู ุจููุงุณุจู ุญุตููู ุนูู ููุจ ุงูุจุฑ ูุกุซุฑ ุชููู ุนุงููู ุงูุงุนูุงู ุงูุฑููู ุงูุชููุฎุฑูุง URL	Favor
3293	Digital Transformation	ุงุชูู ูุนู ุงุณุชุงุฐ ููุตู ุฌูุงุฒ ุดุฑุทู ุนูุงู ุงูุณูุทุงููู ูุซุงู ูุญุชุฐู ุงูุชุญูู ุงูุงููุชุฑููู ููุทูุฑ ุฎุฏูุงุชู ููุญุฏุซูุง ุจุงุณุชูุฑุงุฑ	Favor
1047	Digital Transformation	ูููุงุช ุฌุจุงุฑู ุงูุชุญูู ุงูุชููู ููุฒุงุฑู ุงูุตุญู ุดูุฑุง ุงูุงุนูุงู ูููุน ุงููู ุจุฌููุฏูู	Favor
3035	Digital Transformation	ูุซูุฑ ุงููุณุชููููู ุชูุฌููุง ููุดุฑุงุก ุงูููุงูู ุจุณุจุจ ุงูุฎูุงุฑุงุช ุงููุชุงุญู ุงููุซูุฑู ูุงููุชููุนู ูุดุฌุน ุนูู ุงูุชุญูู ุงูุชุฌุงุฑู ุงูุงููุชุฑููู ูุชุฌุฑุณุงุชูู URL	Favor
1682	Digital Transformation	ูุชููู ุดุฑ ููููู ุชุฌู ูุชุงุฎุฑ ูููู ููู ุงูุฎุฒูู ูููุช ุชุนุงู ุจูุฑู ุงูุตุจุงุญ ุจุฏุฑู ๐ ุจุชูููู ุงูุดุฑุงุก ุงูููุงูู ูุซูุง ุงูุณูู ุงูููุชูุญ ูุบูุฑูุง ุฎุฏูู ุงูุดุฑุงุก ุฎุฏูู ุชูุตูู ุงูุทูุจุงุช ูุฎุฏูู ุชูุตูู ุงูุงุทุนูู ุงูููุงูู ุชุนูู ุงูู ุงูุชุญูู ุงูุฒููู ููุฏูุน ุงูุงููุชุฑููู ุดุบุงู	Favor
1965	Digital Transformation	ุงู ุชููุฑ ุงูููุงุฑุฏ ุงูุชูููู ูุงูุจุดุฑูู ูููู ูุญุฏู ุงุฐุง ูุชู ุงุณุชุบูุงูู ููุนุทู ุงูููุงุชุฌ ุงูุตุญูุญู ุงู ุงูุชุญููุงูุฑููู ูุณุกูููู ุงููุญุฏู ุงููุณุกููู ุงูุฌุงูุจ ุงูุชููู ูุณุกูููู ูุดุชุฑูู ููู ูุญุฏุงุช ุงูุนูู ูุฎุตูุตุง ุงูุฌูุงุช ุงูุงุดุฑุงููู ุงูุนููุง ุงููุกุณุณู ููุฌุจ ุชุดุฌูุน ุฑูุญ ุงููุฑูู ุจุฏูุง ุงูุงูุฌุงุฒ ุงููุฑุฏู	Favor
832	Digital Transformation	ุจุงุจ ุงูุชุญูู ุงูุฑููู ูุฏู ุงุญูู ุฑููู stc zain	Favor
3651	Digital Transformation	ูุชุจุน ุชููุฐู ูุฒุงุฑู ุงูุชุนููู ุจุงูุชุนุงูู ุดุฑูู ุชุทููุฑ ูุชูููุงุช ุงูุชุนููู ููุชุญูู ุงูุชุนูู ุงูุฑููู ูุงููุณุงููู ุงูุชุญูู ุงูู ุจูุกู ุฑูููู ุชูุงุนููู ููุฏูุชู ูุดุฑูู ุชูุนูู ููุณุกููู ุงูุฏุนู ุงูููู ุจุดุฑูู ููุงุณูุฑุง ุณูุงุญ ุจุงููุตูุฑ ูุฐูู ุจููุฑ ุงูุซุงูููู ุงูุณุงุจุนู URL	Favor
520	Digital Transformation	ุงุงุงุงู ุงูุดูุจู ุฎููุงู ุญุชู ุงูุชุญูู ุงูุงููุชุฑููู ูุงูุญูู ุงููุดูุงุฑ ุทููู	Favor
2505	Digital Transformation	2030 ุฑุกูู ุงููุณุชูุจู ุงูุชุทูุฑ ุงูุชุญูู ุงูุงููุชุฑููู ุฑุกูู ุทููุญู ูุงุกุฏ ุญุงูู ุทููุญ ุงููุง ุฑุกูู ุณูุฏู ุงูุงููุฑ ูุญูุฏ ุจู ุณููุงู ุจู ุนุจุฏุงูุนุฒูุฒ ุงู ุณุนูุฏ ุญูุธู ุงููู ูุฑุนุงู ๐๐๐ URL	None
1838	Digital Transformation	ุงูุชุญูู ุงูู ุงูุฑูููู ุงูุฑ ูุงุจุฏ ููุนูู ูุงูุชูุงุตู ุงูุนููุงุก ุงูุนูู ุงู ุงูุชุฌุฑุจู ูููู ุชุงุซูุฑ ุฏุงุกู ููุชุฌูุฎุฏูุชู Marketing ุงูุชุณูููุงูุงููุชุฑููู ุงูุชุณูููุงูุฑููู mktart	Favor
1054	Digital Transformation	ุงูุชุทูุฑุงุช ุงูุชูููู ูุฑุถุช ุงูุชุญูู ุงูุชููู ูุบูุฑุช ููููู ุงูุตุญุงูู ููุงู ุงูุงุฌุฏุฑ ูุณุงุจูู ุงูุชุทูุฑุงุช ุณูุงุก ุงูุงุตุฏุงุฑุงุช ุงูุชูููู ุงู ุญุชู ุฌููุฑ ุงููููู ุงูุตุญููู ุฐุงุชูุง ุงููุณุชูุจู ูุนุฏ ุฎูุงุฑุง ุงูุงู	Favor
2158	Digital Transformation	ุณุนุฏูุง ุจุฐูู ููุชููู ุงููุงุกุฏู ูุงููุชุนู๐ ุงุทูุจ ุชุญูู ุงูุชุญูู ุงูุชููู๐	Favor
29	Digital Transformation	ุงูุชุญูู ุงูุงููุชุฑููู ุงูุงุณุชุนุฏุงุฏ ููู ุงููุตุฑููุงุช ุชูุน ุนูู ูุงูู ููุง ุงูุชุณูู ุงููููู ุงูุชุดุงู ุงูููุงูุจ ุงูููุงูุงุช	Favor
133	Digital Transformation	ุฑุจุท ูุฒุฑุงู ุงูุตุญู ุดุฑูู ุงูุชุนุงูููู ุทุฑูู ููุตู ูููุณ ูุจุฌููุน ุดุฑูุงุช ุงูุชุงููู ุชุนุฒูุฒุง ูุงุฏุงุฑู ุนูููุงุช ุงูุชุงููู ุงูุตุญู ุงุทุงุฑ ุงูุชุญูู ุงูุฑููู ุงูุชุนุงูููู ุชุณุชููู ุงูุฑุจุท ุงูุงููุชุฑููู	Favor
379	Digital Transformation	ุงูุชุนูููุนูุจุนุฏ ุงูุจุฏุงูู ุงููุนููู ุงูุชุญูู ุงูุงููุชุฑููู ูุงูุฑููู ูุฌุญ ูุฒุงุฑุงุช ููููุชูุง ุงูุญุจูุจู ูุบุฏุง ุณูุดูุฏ ูุฌุงุญ ุงูุชุนููู ุจุงุฐู ุงููู ุณููู ููููุง ูุฎุฑ ุจุงุจุฏุงุน ูุนููู ููุนููุงุช ุงูุงุฌูุงู ุทูุงุจูู ุงููุตูู ุงูุงูุชุฑุงุถูู ูุณุท ูุชุงุจุนู ููุดุงุฑูู ุงูููุงุก ุงูุงููุฑ ุณูุซุจุช ููุนุงูู ุงููุง ูุณุชุทูุน ๐	Favor
388	Digital Transformation	ุงุนูููุง ุฏุฑุงุณู ูุงุนุฑููุง ุงููุณุจู ุงูุงุณุชูุนุงุจูู ููู ูุฑุน ูุงุนูููุง ุชุฒุงูุฑ ุจุนุฏุฏ ุงููุณุจู ุนุดุงู ูุงูููู ุตููู ุงูุชุญูู ุงูุงููุชุฑููู ูุงุฒู ุจุฑุถู ูุฑุงุนุงู ุงูุงููู ุงูุชูููู ูุฏู ุงูุจุนุถ ูููู ุงูุฒุงู ุงูุงูุฑุงุฏ ุงูุณุงู ุงูุดุฑุทู ุจุฏูุฑู ุชุฏุฑูุจูููู ุงุณุงุณูุงุช ุงูุญุงุณูุจ ูุงุณุชุฎุฏุงู	Favor
3438	Digital Transformation	ุงูููููขููกูฉ ุงุชููู ุงู ุนูููู ุงูุชุญููุงูุฑููู ุชููุฐ ุจุงูุทุฑููู ุงูุณูููู ุงููุฎุทุท ูุงูู ุชุนุจูุง ุญุดู ูุชูุฑุงุฑ ุฑููู ููุฑูู ููุง ุจูุงุญุฏ ูุตุฑูุง ุจุงุซููู ูุนุจู ูุฑู ููุนุจู ุงููุชุฑููู ๐ ูุจุงูููุงูู ุชุฑุณู ุงููุณุฎุชูู ูุงุถูุน ููุงู ๐	Favor
761	Digital Transformation	ุฎุทูุงุช ุงูุชุญููุงูุฑููู ููููุณู ุงูุงูุงููุงูุนุงููููุฌุงูุงูุถุฑูุจูู ุจุชูููุฑ ุฎุฏูู ุงูุชูุงุตู ุงููุฑุกู ูุนูุฏ ุฌูุณุงุช ุงููุธุฑ ุงููุณุชูุจู ุงูุชููู ูุดุฑู ุจุงุฐู ุงููู โจ ุฑุกููุงูุณุนูุฏูู2030 URL	Favor
3323	Digital Transformation	ุฎูููุง ุชุชูุงุตู ุงูุฒููุงุก ุดุฑูู ุงูุชุญูู ุงูุชููู URL ุจุงุฐู ุงููู ุชุฌุฏ ุงูุฏุนู ุงููุทููุจ ุงูุชุงููุฏ ุนูู ุตุญู ููุงูู ุงูููู ุงูุงูุชูุงู ุจุงูุงุฏูุงุช ุงููุณุงุนุฏู ุฎุตูุตุง ุชููุฑ ุงูุฎูุงุฑุงุช ุงูููุจููู ูุงุฏูุง	Favor
2777	Digital Transformation	ูุฌุจ ุงูุชุงุฎุฑ ุงุฎุฐ ูุฑุงุฑ ุงูุชุญููุงูุฑููู ุงูุฌูุงุช ูุงูููุดุงุช ุชุฑุบุจ ุงูุจูุงุก ุญูุจู ุงูููุงูุณู ูุทูุทููุญูุทูุฑููู URL	Favor
1296	Digital Transformation	ุชููููุง ุญู ุฑููู ููุฌุชูุน ุงูู ุจูุถู ุงูุฎุฏูุงุช ูุฏููุง ุงูุชุทุจูู ุชููู ุงููุฌุชูุน ุชุฌุงูุฒ ุงุฒูู ููุฑููุง ุจุณูุงู ููุณุงูู ุจุดูู ูุงุนู ุงูุชุญูู ุงูุฑููู ุชููููุง ุงุณุชุญู ุฌุงุกุฒูุบุงุฒูุงููุตูุจู URL	Favor
666	Digital Transformation	ุดูุฑุง ููุงู ุงูุนุฑุจูู ุชูุฑูุฑ ุฑุงุกุน ุงููุฑุงุณู ุงููุจุฏุน ููุถุญ ุงูุฌุงุฒุงุช ุงููุทู ุจุฑูุงูุฌ ุงูุชุญูู ุงูุงููุชุฑููู ุงููุงูู ุงููุงู ุงูุชุนุงููุงุช ุงููุฑููู ูุชุญูู ุงููุนุงููุงุช ุจุดูู ุงููุชุฑููู ูุงูู ูุงุฌู ุฎุฏูู ุงูููุงุทู ุจูู ุจุดูู ููุณุฑ ูุณูู ููุช ูุตูุฑ	Favor
1060	Digital Transformation	ุณุกุงู ูุฌูุงุจ ุญูู ุงูุฌูุงุฒุงูุงููุชุฑููู ุงุทููุชู ุงูููููู ุถูู ุฑุญูู ุงูุชุญูู ุงูุฑููู ุงูุชูุงุตูุงูุญูููู URL	None
863	Digital Transformation	๐ค ุงุนุฌุฒ ุงูุดูุฑ ูุงูุชูุฏูุฑ ๐ูุนูููุงุช ูุญุชุงุฌูุง ุฒูู ุงูุชุญูู ุงูุชููู ุงูุญูุงู ุงูุนูููู ูุงุฏูุงู ุงูุงูุชุฑูุช ุฎุงุฑุฌ ุงูููุชุจ ุจุงุฑู ุงููู ููู ููู ุนููู ูุนููู ูุงูู ุจูุชู ูุตุญุงุจุชู ููุชู ๐	Favor
4072	Digital Transformation	ุงูุชุญูู ููุชุนููู ุงูุงููุชุฑููู ุฎุทูู ุชุทููุฑูู ูุชุฌุฑุจู ุฑุงุกุฏู ููููููู ููุฑุตู ูุงุจุชูุงุฑ ูุณุชูุจู ูุดุฑู ููุชุนููู ูุงูุงุณุชูุงุฏู ุชูููููุฌูุง ุงูุชุนููู ูุฎุงุตู ุชุชููุฒ ุฌุงูุนู ุฌุงุฒุงู ุฎุทูุงุช ุชุทููุฑูู	Favor
563	Digital Transformation	ูุจุบูุตููููุงุงูููููุงูุชูููู ูุนูู ุงููู ุชุดูููู ููุงููุง ูุตูุจู ุงุฐุง ุญุชู ุงูุทุงูุจ ุงูู ุชู ุชุนููููู ุนูุดุงูู ุชุนุทููู ุงู ุงูุชูุงู ุงูุฌุงูุนุงุช ุงุนููุช ูุงูุช ุงุตู ุงูุชูููู ุฎุงูููู ุงูุฏุฑุงุณู ูู ููููู ููุฒููู ุชุบุฑูุฏู ุงููู ูุฌุญุชู ุงูุชุญูู ุงูุงููุชุฑููู	Against
2726	Digital Transformation	ุงูุด ุงูุจููู ุงูู ุจุงููุนู ูุทุจูู ูุธุงู ุงูุชุญูู ุงูุฑููู ุงู ุงูุงููุชุฑููู ููููุง ูุชุงุจุนู ุงููุนุงููุงุช	Favor
2998	Digital Transformation	ุงูุดุฑูุงุช ุงููุณุชููุฏู ุงูุชุญูู ุงูุงููุชุฑููู ูุณุงููู ุนูุฏูุง ุจุงูุณูู ุงูุณุนูุฏู URL	None
1323	Digital Transformation	ุงูุชุญูู ุงูุฏูุน ุงูููุฏู ุงูู ุงูุฏูุน ุงูุงููุชุฑููู ุงูุฏุงู ุฑุกููุงูุณุนูุฏูู2030 ูุชุณุงุนุฏ ุนูู ููุน ุงู ุชุนูุจ ุนูููุงุช ุงูุงุญุชูุงู ุบุณูู ุงูุงููุงู ุงูุชุณุชุฑุงูุชุฌุงุฑู URL	Favor
401	Digital Transformation	ุฏููุงู ุงููุธุงูู ูุทูู ุงูุชุญูู ุงูุงููุชุฑููู ุฏููุงูุงููุธุงูู ุงููุถุงูุง ุงุตุจุญุช ุงููุชุฑูููู ุจุงููุงูู ูุงูุฌูุณุงุช ุงูุฌุงุฒ	Favor
2324	Digital Transformation	ุชุญูู ุชูุฏูุฑ ูุงุญุชุฑุงู ููู ููุธู ูุฑุฏ ุนูู ุงูุงูููู ุงูุช ุจุฏุงุช ูุญุฑู ุงุณุงุณู ุนูููู ุงูุชุญูู ุงูุงููุชุฑููู ูุงูุญูููู ูุงุฒู ุชุฑููู	Favor
2463	Digital Transformation	ุงูููู ุงููู ูุงูุงูู ุงูุดูุฑ ุนูุฑ ุงุทูุจ ุชุญูู ุงูุชุญูู ุงูุชููู ๐	Favor
2162	Digital Transformation	ูููููู ุงู ุดุงุก ุงููู ูุฏุนู ููุถู ุงูุชุญูู ุงูุงููุชุฑููู ุนูุงูููุถููุชุฌุฏุฏู	Favor
361	Digital Transformation	ูุงููุฒุงุฑู ููู ูุบุฑุฏูู ุงูุชุญูู ุงูุฑููู ูุงูุชุนููู ุงูุงููุชุฑููู ููู ูุงูุฑุจุทูู ุงูุฌูุงุช ุงูุชุฏุฑูุจูู ูุงูู ุณูุณุชู ูุจุฑูู ุงูุจุทุงูู ุชุธูุฑูู ุงูุฏูุฑุงุช ูุนูู ุจุงููู ุชุจุบุงูู ุงุชุฐูุฑ ุฏูุฑุงุช ูุชูุงุฑูุฎูุง ุณููุงุช ุงุนุชูุฏ ูุธุงู ุงูููู ุงููููู ุงุฌุญุงู ูุจูุฑ	Favor
1993	Digital Transformation	ุฎุทูู ูููู ุชุนูููุฑููู ุฎุทู ุงูุชุญููุงูุฑููู ุงููุทู ุงูุบุงูู ุชุณูุฑ ุจุดูู ูุชุณุงุฑุน URL	Favor
2916	Digital Transformation	ุงูุณุนูุฏูู ูุตุงู ุงูุฏูู ุงูุงููู ุงูุชุญูู ุงูุชููู ุชุทุจูู ุชููููุง ููุซุงู ูุญุชูู ุนูู ุงูุจุทุงูุงุช ุงูุชุนุฑูููู ุงููู ูุญุชุงุฌูุง ุงูููุงุทู ูุงููููู ูุนุชูุฏู ุงูุชุนุงููุงุช โ ุดุงุฑู ูุด ุงูุซุฑ ุงูุฌุงุฒ ุชูุชุฎุฑ ุนุจุฑ ูุงุดุชุงู ุงูุฏุงุกููุชุงุฑูุฎ ุงุนูุงู URL	Favor
4068	Digital Transformation	ุงููุนูู ุงูุญูููู ููุชุญูู ุงูุฑููู ุฒูุงุฏู ุงููุฑููู ุงูุชุนุงููุงุช ุชุทูุฑ ุงูุชุญููุงูุฑููู	Favor
1847	Digital Transformation	ูุณุชูุฏ ุงู ุชู ุฑูุน ุทูุจ ุชุญููู ูุจูุบ ูุญุฌูุฒ ููู ุงูุซุฑ ุงุณุจูุนูู ููู ูุชู ุงูุฑุฏ ุงูุฏุงุกุฑู ุงูุญุงูู ููุฏ ุงููุฑุงุฌุนู ุงูุซุฑ ุงุณุจูุนูู ุงูุชุญูู ุงูุงููุชุฑููู ุงูุบุฑุถ ุงุฎุชุตุงุฑ ุงูููุช ูุงูุฌูุฏ ูู ุนูุดุงู ุงููุงุถู ูุชุงุฎุฑ ููุงูุฑุฏ	Against
4060	Digital Transformation	ุตูุชููุชููููุง ุชููููุง ุชุทุจูู ุงุญุฏุซ ูููู ููุนูู ุงููุฌุงู ุงูุชููู ุงูุฏ ุนูู ุญุฑุต ุงูููููู ุนูู ุงูุชุญูู ุงููุฌุงูุงุช	None
4083	Digital Transformation	ุงูุชุญูู ุงูุงููุชุฑููู ุงููู ูุตููุง ุงููู ุงูููู ุดู ุฌูุฏ ูููุชุงุฒ ุงูุชุญูู ุงูููุฑูุถ ูขู ุณูู ุจุงูู ุชูุฏูุฑ ุงูููุฑูุถ ูุญุตู ุงูููุงุฏููู ุงููุชุฑู ุชุณุจุจูุง ุจูุฐุง ุงูุชุงุฎูุฑ	Favor
3416	Digital Transformation	ุงูุชุญูู ุงูุงููุชุฑููู ุงูุชุงู ูุฌููุน ุงููุนุงููุงุช ุงููุชุนููู ุจุงูุนูุงุฑ ููุฑุจุงุก ูุงุก ุฑูู ุจูุน ุดุฑุงุก ุญูุธ ุงูุตู ูุณูููู ุงูุฑุฌูุน ุงู ููุช ุชูุณูุฑ ุงูุจูุน ูุงูุดุฑุงุก ุงู ููุงู ูุซูุง ุชุณุชุทูุน ุงูุจูุน ุงูุฑูุงุถ ูุนูุงุฑ ุงูุดุฑููู ูุบูุฑูุง ููุงุกุฏ ููุงุจุฏ	Favor
2597	Digital Transformation	ุงูุชุญูู ุงูุงููุชุฑููู ุงูุฎุฏูุงุช ุงูุตุญูู ูุณุงูู ุจุดูู ูุจูุฑ ุชุนุฒูุฒ ุตุญู ุงููุฑุฏ ูุชุณููู ุงูุนูููู ุงูุนูุงุฌูู ููุงูุดูุก ุงุซุฑู ูุงุถุญ ุงูุชุนุงูู ุฌุงุกุญู ููุฑููุง ุงูููููู ุงูุนุฑุจูู ุงูุณุนูุฏูู URL	Favor
1018	Digital Transformation	ุฑุกูู2030 ุจุฑูุงูุฌุงูุชุญููุงููุทูู ุงููุกุณุณู ุงูุนุงูู ููุชุฏุฑูุจ ุงูุชููู ูุงููููู ุชุนูู ุจุงูุดูู ุงููุทููุจ ููุงูุช ุงูู ูุทุงุนุงุช ุงูุฏููู ููุงุณู ุชุฌููุฒุงุช ุจูุง ุนูู ููุงุกู ููุจูุฏ ุงุชููู ุงูุง ูุฑุงูุง ุงูุฏูู ูููู ุงููุทุงุน ูุฌุจ ุงู ุชููู ุงููุกุณุณู ุงููุงุกูู ุนูู	Favor
2910	Digital Transformation	ููุด ูุงุกุฏู ุงูุชุนุฏุงุฏ ุงูุณูุงูู ุงูุงููุชุฑููู ููุด ูุชู ุงูุงุณุชุนุงูู ููู ุจูุงูุงุช ูุฒุงุฑู ุงูุงุณูุงู ููู ุงูุชุญูู ุงูุฑููู	Favor
